
[2026-02-28T14:38:07.015Z] An error occurred
Error: Err
    at C:/Users/Good/Documents/web/coba/apps/backend/src/modules/customers/test/customers.controller.test.ts:31:59
    at file:///C:/Users/Good/Documents/web/coba/node_modules/.bun/@vitest+runner@4.0.18/node_modules/@vitest/runner/dist/index.js:145:11
    at file:///C:/Users/Good/Documents/web/coba/node_modules/.bun/@vitest+runner@4.0.18/node_modules/@vitest/runner/dist/index.js:915:26
    at file:///C:/Users/Good/Documents/web/coba/node_modules/.bun/@vitest+runner@4.0.18/node_modules/@vitest/runner/dist/index.js:1243:20
    at new Promise (<anonymous>)
    at runWithTimeout (file:///C:/Users/Good/Documents/web/coba/node_modules/.bun/@vitest+runner@4.0.18/node_modules/@vitest/runner/dist/index.js:1209:10)
    at file:///C:/Users/Good/Documents/web/coba/node_modules/.bun/@vitest+runner@4.0.18/node_modules/@vitest/runner/dist/index.js:1653:37
    at Traces.$ (file:///C:/Users/Good/Documents/web/coba/node_modules/.bun/vitest@4.0.18/node_modules/vitest/dist/chunks/traces.CCmnQaNT.js:142:27)
    at trace (file:///C:/Users/Good/Documents/web/coba/node_modules/.bun/vitest@4.0.18/node_modules/vitest/dist/chunks/test.B8ej_ZHS.js:239:21)
    at runTest (file:///C:/Users/Good/Documents/web/coba/node_modules/.bun/@vitest+runner@4.0.18/node_modules/@vitest/runner/dist/index.js:1653:12)

[2026-02-28T14:38:07.742Z] An error occurred
"Err"

[2026-02-28T14:38:10.037Z] Failed to retrieve services
Error: Err
    at C:/Users/Good/Documents/web/coba/apps/backend/src/modules/service/test/service.controller.test.ts:30:59
    at file:///C:/Users/Good/Documents/web/coba/node_modules/.bun/@vitest+runner@4.0.18/node_modules/@vitest/runner/dist/index.js:145:11
    at file:///C:/Users/Good/Documents/web/coba/node_modules/.bun/@vitest+runner@4.0.18/node_modules/@vitest/runner/dist/index.js:915:26
    at file:///C:/Users/Good/Documents/web/coba/node_modules/.bun/@vitest+runner@4.0.18/node_modules/@vitest/runner/dist/index.js:1243:20
    at new Promise (<anonymous>)
    at runWithTimeout (file:///C:/Users/Good/Documents/web/coba/node_modules/.bun/@vitest+runner@4.0.18/node_modules/@vitest/runner/dist/index.js:1209:10)
    at file:///C:/Users/Good/Documents/web/coba/node_modules/.bun/@vitest+runner@4.0.18/node_modules/@vitest/runner/dist/index.js:1653:37
    at Traces.$ (file:///C:/Users/Good/Documents/web/coba/node_modules/.bun/vitest@4.0.18/node_modules/vitest/dist/chunks/traces.CCmnQaNT.js:142:27)
    at trace (file:///C:/Users/Good/Documents/web/coba/node_modules/.bun/vitest@4.0.18/node_modules/vitest/dist/chunks/test.B8ej_ZHS.js:239:21)
    at runTest (file:///C:/Users/Good/Documents/web/coba/node_modules/.bun/@vitest+runner@4.0.18/node_modules/@vitest/runner/dist/index.js:1653:12)

[2026-02-28T14:38:10.244Z] Failed to retrieve sales
Error: Err
    at C:/Users/Good/Documents/web/coba/apps/backend/src/modules/sales/test/sales.controller.test.ts:34:59
    at file:///C:/Users/Good/Documents/web/coba/node_modules/.bun/@vitest+runner@4.0.18/node_modules/@vitest/runner/dist/index.js:145:11
    at file:///C:/Users/Good/Documents/web/coba/node_modules/.bun/@vitest+runner@4.0.18/node_modules/@vitest/runner/dist/index.js:915:26
    at file:///C:/Users/Good/Documents/web/coba/node_modules/.bun/@vitest+runner@4.0.18/node_modules/@vitest/runner/dist/index.js:1243:20
    at new Promise (<anonymous>)
    at runWithTimeout (file:///C:/Users/Good/Documents/web/coba/node_modules/.bun/@vitest+runner@4.0.18/node_modules/@vitest/runner/dist/index.js:1209:10)
    at file:///C:/Users/Good/Documents/web/coba/node_modules/.bun/@vitest+runner@4.0.18/node_modules/@vitest/runner/dist/index.js:1653:37
    at Traces.$ (file:///C:/Users/Good/Documents/web/coba/node_modules/.bun/vitest@4.0.18/node_modules/vitest/dist/chunks/traces.CCmnQaNT.js:142:27)
    at trace (file:///C:/Users/Good/Documents/web/coba/node_modules/.bun/vitest@4.0.18/node_modules/vitest/dist/chunks/test.B8ej_ZHS.js:239:21)
    at runTest (file:///C:/Users/Good/Documents/web/coba/node_modules/.bun/@vitest+runner@4.0.18/node_modules/@vitest/runner/dist/index.js:1653:12)

[2026-02-28T14:38:12.103Z] Failed to retrieve purchase returns
Error: Err
    at C:/Users/Good/Documents/web/coba/apps/backend/src/modules/purchase-returns/test/purchase-returns.controller.test.ts:28:55
    at file:///C:/Users/Good/Documents/web/coba/node_modules/.bun/@vitest+runner@4.0.18/node_modules/@vitest/runner/dist/index.js:145:11
    at file:///C:/Users/Good/Documents/web/coba/node_modules/.bun/@vitest+runner@4.0.18/node_modules/@vitest/runner/dist/index.js:915:26
    at file:///C:/Users/Good/Documents/web/coba/node_modules/.bun/@vitest+runner@4.0.18/node_modules/@vitest/runner/dist/index.js:1243:20
    at new Promise (<anonymous>)
    at runWithTimeout (file:///C:/Users/Good/Documents/web/coba/node_modules/.bun/@vitest+runner@4.0.18/node_modules/@vitest/runner/dist/index.js:1209:10)
    at file:///C:/Users/Good/Documents/web/coba/node_modules/.bun/@vitest+runner@4.0.18/node_modules/@vitest/runner/dist/index.js:1653:37
    at Traces.$ (file:///C:/Users/Good/Documents/web/coba/node_modules/.bun/vitest@4.0.18/node_modules/vitest/dist/chunks/traces.CCmnQaNT.js:142:27)
    at trace (file:///C:/Users/Good/Documents/web/coba/node_modules/.bun/vitest@4.0.18/node_modules/vitest/dist/chunks/test.B8ej_ZHS.js:239:21)
    at runTest (file:///C:/Users/Good/Documents/web/coba/node_modules/.bun/@vitest+runner@4.0.18/node_modules/@vitest/runner/dist/index.js:1653:12)

[2026-02-28T14:38:12.111Z] Err
Error: Err
    at C:/Users/Good/Documents/web/coba/apps/backend/src/modules/purchase-returns/test/purchase-returns.controller.test.ts:57:55
    at file:///C:/Users/Good/Documents/web/coba/node_modules/.bun/@vitest+runner@4.0.18/node_modules/@vitest/runner/dist/index.js:145:11
    at file:///C:/Users/Good/Documents/web/coba/node_modules/.bun/@vitest+runner@4.0.18/node_modules/@vitest/runner/dist/index.js:915:26
    at file:///C:/Users/Good/Documents/web/coba/node_modules/.bun/@vitest+runner@4.0.18/node_modules/@vitest/runner/dist/index.js:1243:20
    at new Promise (<anonymous>)
    at runWithTimeout (file:///C:/Users/Good/Documents/web/coba/node_modules/.bun/@vitest+runner@4.0.18/node_modules/@vitest/runner/dist/index.js:1209:10)
    at file:///C:/Users/Good/Documents/web/coba/node_modules/.bun/@vitest+runner@4.0.18/node_modules/@vitest/runner/dist/index.js:1653:37
    at Traces.$ (file:///C:/Users/Good/Documents/web/coba/node_modules/.bun/vitest@4.0.18/node_modules/vitest/dist/chunks/traces.CCmnQaNT.js:142:27)
    at trace (file:///C:/Users/Good/Documents/web/coba/node_modules/.bun/vitest@4.0.18/node_modules/vitest/dist/chunks/test.B8ej_ZHS.js:239:21)
    at runTest (file:///C:/Users/Good/Documents/web/coba/node_modules/.bun/@vitest+runner@4.0.18/node_modules/@vitest/runner/dist/index.js:1653:12)

[2026-02-28T16:37:39.821Z] An error occurred
Error: Err
    at C:/Users/Good/Documents/web/coba/apps/backend/src/modules/03-sales/customers/test/customers.controller.test.ts:31:59
    at file:///C:/Users/Good/Documents/web/coba/node_modules/.bun/@vitest+runner@4.0.18/node_modules/@vitest/runner/dist/index.js:145:11
    at file:///C:/Users/Good/Documents/web/coba/node_modules/.bun/@vitest+runner@4.0.18/node_modules/@vitest/runner/dist/index.js:915:26
    at file:///C:/Users/Good/Documents/web/coba/node_modules/.bun/@vitest+runner@4.0.18/node_modules/@vitest/runner/dist/index.js:1243:20
    at new Promise (<anonymous>)
    at runWithTimeout (file:///C:/Users/Good/Documents/web/coba/node_modules/.bun/@vitest+runner@4.0.18/node_modules/@vitest/runner/dist/index.js:1209:10)
    at file:///C:/Users/Good/Documents/web/coba/node_modules/.bun/@vitest+runner@4.0.18/node_modules/@vitest/runner/dist/index.js:1653:37
    at Traces.$ (file:///C:/Users/Good/Documents/web/coba/node_modules/.bun/vitest@4.0.18/node_modules/vitest/dist/chunks/traces.CCmnQaNT.js:142:27)
    at trace (file:///C:/Users/Good/Documents/web/coba/node_modules/.bun/vitest@4.0.18/node_modules/vitest/dist/chunks/test.B8ej_ZHS.js:239:21)
    at runTest (file:///C:/Users/Good/Documents/web/coba/node_modules/.bun/@vitest+runner@4.0.18/node_modules/@vitest/runner/dist/index.js:1653:12)

[2026-02-28T16:37:41.278Z] An error occurred
"Err"

[2026-02-28T16:37:43.878Z] Failed to retrieve services
Error: Err
    at C:/Users/Good/Documents/web/coba/apps/backend/src/modules/03-sales/service/test/service.controller.test.ts:30:59
    at file:///C:/Users/Good/Documents/web/coba/node_modules/.bun/@vitest+runner@4.0.18/node_modules/@vitest/runner/dist/index.js:145:11
    at file:///C:/Users/Good/Documents/web/coba/node_modules/.bun/@vitest+runner@4.0.18/node_modules/@vitest/runner/dist/index.js:915:26
    at file:///C:/Users/Good/Documents/web/coba/node_modules/.bun/@vitest+runner@4.0.18/node_modules/@vitest/runner/dist/index.js:1243:20
    at new Promise (<anonymous>)
    at runWithTimeout (file:///C:/Users/Good/Documents/web/coba/node_modules/.bun/@vitest+runner@4.0.18/node_modules/@vitest/runner/dist/index.js:1209:10)
    at file:///C:/Users/Good/Documents/web/coba/node_modules/.bun/@vitest+runner@4.0.18/node_modules/@vitest/runner/dist/index.js:1653:37
    at Traces.$ (file:///C:/Users/Good/Documents/web/coba/node_modules/.bun/vitest@4.0.18/node_modules/vitest/dist/chunks/traces.CCmnQaNT.js:142:27)
    at trace (file:///C:/Users/Good/Documents/web/coba/node_modules/.bun/vitest@4.0.18/node_modules/vitest/dist/chunks/test.B8ej_ZHS.js:239:21)
    at runTest (file:///C:/Users/Good/Documents/web/coba/node_modules/.bun/@vitest+runner@4.0.18/node_modules/@vitest/runner/dist/index.js:1653:12)

[2026-02-28T16:37:43.916Z] Failed to retrieve sales
Error: Err
    at C:/Users/Good/Documents/web/coba/apps/backend/src/modules/03-sales/sales/test/sales.controller.test.ts:34:59
    at file:///C:/Users/Good/Documents/web/coba/node_modules/.bun/@vitest+runner@4.0.18/node_modules/@vitest/runner/dist/index.js:145:11
    at file:///C:/Users/Good/Documents/web/coba/node_modules/.bun/@vitest+runner@4.0.18/node_modules/@vitest/runner/dist/index.js:915:26
    at file:///C:/Users/Good/Documents/web/coba/node_modules/.bun/@vitest+runner@4.0.18/node_modules/@vitest/runner/dist/index.js:1243:20
    at new Promise (<anonymous>)
    at runWithTimeout (file:///C:/Users/Good/Documents/web/coba/node_modules/.bun/@vitest+runner@4.0.18/node_modules/@vitest/runner/dist/index.js:1209:10)
    at file:///C:/Users/Good/Documents/web/coba/node_modules/.bun/@vitest+runner@4.0.18/node_modules/@vitest/runner/dist/index.js:1653:37
    at Traces.$ (file:///C:/Users/Good/Documents/web/coba/node_modules/.bun/vitest@4.0.18/node_modules/vitest/dist/chunks/traces.CCmnQaNT.js:142:27)
    at trace (file:///C:/Users/Good/Documents/web/coba/node_modules/.bun/vitest@4.0.18/node_modules/vitest/dist/chunks/test.B8ej_ZHS.js:239:21)
    at runTest (file:///C:/Users/Good/Documents/web/coba/node_modules/.bun/@vitest+runner@4.0.18/node_modules/@vitest/runner/dist/index.js:1653:12)

[2026-02-28T16:37:46.949Z] Failed to retrieve purchase returns
Error: Err
    at C:/Users/Good/Documents/web/coba/apps/backend/src/modules/01-purchases/purchase-returns/test/purchase-returns.controller.test.ts:28:55
    at file:///C:/Users/Good/Documents/web/coba/node_modules/.bun/@vitest+runner@4.0.18/node_modules/@vitest/runner/dist/index.js:145:11
    at file:///C:/Users/Good/Documents/web/coba/node_modules/.bun/@vitest+runner@4.0.18/node_modules/@vitest/runner/dist/index.js:915:26
    at file:///C:/Users/Good/Documents/web/coba/node_modules/.bun/@vitest+runner@4.0.18/node_modules/@vitest/runner/dist/index.js:1243:20
    at new Promise (<anonymous>)
    at runWithTimeout (file:///C:/Users/Good/Documents/web/coba/node_modules/.bun/@vitest+runner@4.0.18/node_modules/@vitest/runner/dist/index.js:1209:10)
    at file:///C:/Users/Good/Documents/web/coba/node_modules/.bun/@vitest+runner@4.0.18/node_modules/@vitest/runner/dist/index.js:1653:37
    at Traces.$ (file:///C:/Users/Good/Documents/web/coba/node_modules/.bun/vitest@4.0.18/node_modules/vitest/dist/chunks/traces.CCmnQaNT.js:142:27)
    at trace (file:///C:/Users/Good/Documents/web/coba/node_modules/.bun/vitest@4.0.18/node_modules/vitest/dist/chunks/test.B8ej_ZHS.js:239:21)
    at runTest (file:///C:/Users/Good/Documents/web/coba/node_modules/.bun/@vitest+runner@4.0.18/node_modules/@vitest/runner/dist/index.js:1653:12)

[2026-02-28T16:37:46.957Z] Err
Error: Err
    at C:/Users/Good/Documents/web/coba/apps/backend/src/modules/01-purchases/purchase-returns/test/purchase-returns.controller.test.ts:57:55
    at file:///C:/Users/Good/Documents/web/coba/node_modules/.bun/@vitest+runner@4.0.18/node_modules/@vitest/runner/dist/index.js:145:11
    at file:///C:/Users/Good/Documents/web/coba/node_modules/.bun/@vitest+runner@4.0.18/node_modules/@vitest/runner/dist/index.js:915:26
    at file:///C:/Users/Good/Documents/web/coba/node_modules/.bun/@vitest+runner@4.0.18/node_modules/@vitest/runner/dist/index.js:1243:20
    at new Promise (<anonymous>)
    at runWithTimeout (file:///C:/Users/Good/Documents/web/coba/node_modules/.bun/@vitest+runner@4.0.18/node_modules/@vitest/runner/dist/index.js:1209:10)
    at file:///C:/Users/Good/Documents/web/coba/node_modules/.bun/@vitest+runner@4.0.18/node_modules/@vitest/runner/dist/index.js:1653:37
    at Traces.$ (file:///C:/Users/Good/Documents/web/coba/node_modules/.bun/vitest@4.0.18/node_modules/vitest/dist/chunks/traces.CCmnQaNT.js:142:27)
    at trace (file:///C:/Users/Good/Documents/web/coba/node_modules/.bun/vitest@4.0.18/node_modules/vitest/dist/chunks/test.B8ej_ZHS.js:239:21)
    at runTest (file:///C:/Users/Good/Documents/web/coba/node_modules/.bun/@vitest+runner@4.0.18/node_modules/@vitest/runner/dist/index.js:1653:12)

[2026-02-28T16:40:33.880Z] Failed to retrieve services
Error: Err
    at C:/Users/Good/Documents/web/coba/apps/backend/src/modules/03-sales/service/test/service.controller.test.ts:30:59
    at file:///C:/Users/Good/Documents/web/coba/node_modules/.bun/@vitest+runner@4.0.18/node_modules/@vitest/runner/dist/index.js:145:11
    at file:///C:/Users/Good/Documents/web/coba/node_modules/.bun/@vitest+runner@4.0.18/node_modules/@vitest/runner/dist/index.js:915:26
    at file:///C:/Users/Good/Documents/web/coba/node_modules/.bun/@vitest+runner@4.0.18/node_modules/@vitest/runner/dist/index.js:1243:20
    at new Promise (<anonymous>)
    at runWithTimeout (file:///C:/Users/Good/Documents/web/coba/node_modules/.bun/@vitest+runner@4.0.18/node_modules/@vitest/runner/dist/index.js:1209:10)
    at file:///C:/Users/Good/Documents/web/coba/node_modules/.bun/@vitest+runner@4.0.18/node_modules/@vitest/runner/dist/index.js:1653:37
    at Traces.$ (file:///C:/Users/Good/Documents/web/coba/node_modules/.bun/vitest@4.0.18/node_modules/vitest/dist/chunks/traces.CCmnQaNT.js:142:27)
    at trace (file:///C:/Users/Good/Documents/web/coba/node_modules/.bun/vitest@4.0.18/node_modules/vitest/dist/chunks/test.B8ej_ZHS.js:239:21)
    at runTest (file:///C:/Users/Good/Documents/web/coba/node_modules/.bun/@vitest+runner@4.0.18/node_modules/@vitest/runner/dist/index.js:1653:12)

[2026-02-28T16:40:34.558Z] An error occurred
"Err"

[2026-02-28T16:40:35.910Z] An error occurred
Error: Err
    at C:/Users/Good/Documents/web/coba/apps/backend/src/modules/03-sales/customers/test/customers.controller.test.ts:31:59
    at file:///C:/Users/Good/Documents/web/coba/node_modules/.bun/@vitest+runner@4.0.18/node_modules/@vitest/runner/dist/index.js:145:11
    at file:///C:/Users/Good/Documents/web/coba/node_modules/.bun/@vitest+runner@4.0.18/node_modules/@vitest/runner/dist/index.js:915:26
    at file:///C:/Users/Good/Documents/web/coba/node_modules/.bun/@vitest+runner@4.0.18/node_modules/@vitest/runner/dist/index.js:1243:20
    at new Promise (<anonymous>)
    at runWithTimeout (file:///C:/Users/Good/Documents/web/coba/node_modules/.bun/@vitest+runner@4.0.18/node_modules/@vitest/runner/dist/index.js:1209:10)
    at file:///C:/Users/Good/Documents/web/coba/node_modules/.bun/@vitest+runner@4.0.18/node_modules/@vitest/runner/dist/index.js:1653:37
    at Traces.$ (file:///C:/Users/Good/Documents/web/coba/node_modules/.bun/vitest@4.0.18/node_modules/vitest/dist/chunks/traces.CCmnQaNT.js:142:27)
    at trace (file:///C:/Users/Good/Documents/web/coba/node_modules/.bun/vitest@4.0.18/node_modules/vitest/dist/chunks/test.B8ej_ZHS.js:239:21)
    at runTest (file:///C:/Users/Good/Documents/web/coba/node_modules/.bun/@vitest+runner@4.0.18/node_modules/@vitest/runner/dist/index.js:1653:12)

[2026-02-28T16:40:36.019Z] Failed to retrieve purchase returns
Error: Err
    at C:/Users/Good/Documents/web/coba/apps/backend/src/modules/01-purchases/purchase-returns/test/purchase-returns.controller.test.ts:28:55
    at file:///C:/Users/Good/Documents/web/coba/node_modules/.bun/@vitest+runner@4.0.18/node_modules/@vitest/runner/dist/index.js:145:11
    at file:///C:/Users/Good/Documents/web/coba/node_modules/.bun/@vitest+runner@4.0.18/node_modules/@vitest/runner/dist/index.js:915:26
    at file:///C:/Users/Good/Documents/web/coba/node_modules/.bun/@vitest+runner@4.0.18/node_modules/@vitest/runner/dist/index.js:1243:20
    at new Promise (<anonymous>)
    at runWithTimeout (file:///C:/Users/Good/Documents/web/coba/node_modules/.bun/@vitest+runner@4.0.18/node_modules/@vitest/runner/dist/index.js:1209:10)
    at file:///C:/Users/Good/Documents/web/coba/node_modules/.bun/@vitest+runner@4.0.18/node_modules/@vitest/runner/dist/index.js:1653:37
    at Traces.$ (file:///C:/Users/Good/Documents/web/coba/node_modules/.bun/vitest@4.0.18/node_modules/vitest/dist/chunks/traces.CCmnQaNT.js:142:27)
    at trace (file:///C:/Users/Good/Documents/web/coba/node_modules/.bun/vitest@4.0.18/node_modules/vitest/dist/chunks/test.B8ej_ZHS.js:239:21)
    at runTest (file:///C:/Users/Good/Documents/web/coba/node_modules/.bun/@vitest+runner@4.0.18/node_modules/@vitest/runner/dist/index.js:1653:12)

[2026-02-28T16:40:36.026Z] Err
Error: Err
    at C:/Users/Good/Documents/web/coba/apps/backend/src/modules/01-purchases/purchase-returns/test/purchase-returns.controller.test.ts:57:55
    at file:///C:/Users/Good/Documents/web/coba/node_modules/.bun/@vitest+runner@4.0.18/node_modules/@vitest/runner/dist/index.js:145:11
    at file:///C:/Users/Good/Documents/web/coba/node_modules/.bun/@vitest+runner@4.0.18/node_modules/@vitest/runner/dist/index.js:915:26
    at file:///C:/Users/Good/Documents/web/coba/node_modules/.bun/@vitest+runner@4.0.18/node_modules/@vitest/runner/dist/index.js:1243:20
    at new Promise (<anonymous>)
    at runWithTimeout (file:///C:/Users/Good/Documents/web/coba/node_modules/.bun/@vitest+runner@4.0.18/node_modules/@vitest/runner/dist/index.js:1209:10)
    at file:///C:/Users/Good/Documents/web/coba/node_modules/.bun/@vitest+runner@4.0.18/node_modules/@vitest/runner/dist/index.js:1653:37
    at Traces.$ (file:///C:/Users/Good/Documents/web/coba/node_modules/.bun/vitest@4.0.18/node_modules/vitest/dist/chunks/traces.CCmnQaNT.js:142:27)
    at trace (file:///C:/Users/Good/Documents/web/coba/node_modules/.bun/vitest@4.0.18/node_modules/vitest/dist/chunks/test.B8ej_ZHS.js:239:21)
    at runTest (file:///C:/Users/Good/Documents/web/coba/node_modules/.bun/@vitest+runner@4.0.18/node_modules/@vitest/runner/dist/index.js:1653:12)

[2026-02-28T16:40:37.763Z] Failed to retrieve sales
Error: Err
    at C:/Users/Good/Documents/web/coba/apps/backend/src/modules/03-sales/sales/test/sales.controller.test.ts:34:59
    at file:///C:/Users/Good/Documents/web/coba/node_modules/.bun/@vitest+runner@4.0.18/node_modules/@vitest/runner/dist/index.js:145:11
    at file:///C:/Users/Good/Documents/web/coba/node_modules/.bun/@vitest+runner@4.0.18/node_modules/@vitest/runner/dist/index.js:915:26
    at file:///C:/Users/Good/Documents/web/coba/node_modules/.bun/@vitest+runner@4.0.18/node_modules/@vitest/runner/dist/index.js:1243:20
    at new Promise (<anonymous>)
    at runWithTimeout (file:///C:/Users/Good/Documents/web/coba/node_modules/.bun/@vitest+runner@4.0.18/node_modules/@vitest/runner/dist/index.js:1209:10)
    at file:///C:/Users/Good/Documents/web/coba/node_modules/.bun/@vitest+runner@4.0.18/node_modules/@vitest/runner/dist/index.js:1653:37
    at Traces.$ (file:///C:/Users/Good/Documents/web/coba/node_modules/.bun/vitest@4.0.18/node_modules/vitest/dist/chunks/traces.CCmnQaNT.js:142:27)
    at trace (file:///C:/Users/Good/Documents/web/coba/node_modules/.bun/vitest@4.0.18/node_modules/vitest/dist/chunks/test.B8ej_ZHS.js:239:21)
    at runTest (file:///C:/Users/Good/Documents/web/coba/node_modules/.bun/@vitest+runner@4.0.18/node_modules/@vitest/runner/dist/index.js:1653:12)

[2026-02-28T16:42:23.389Z] Failed to retrieve services
Error: Err
    at C:/Users/Good/Documents/web/coba/apps/backend/src/modules/03-sales/service/test/service.controller.test.ts:30:59
    at file:///C:/Users/Good/Documents/web/coba/node_modules/.bun/@vitest+runner@4.0.18/node_modules/@vitest/runner/dist/index.js:145:11
    at file:///C:/Users/Good/Documents/web/coba/node_modules/.bun/@vitest+runner@4.0.18/node_modules/@vitest/runner/dist/index.js:915:26
    at file:///C:/Users/Good/Documents/web/coba/node_modules/.bun/@vitest+runner@4.0.18/node_modules/@vitest/runner/dist/index.js:1243:20
    at new Promise (<anonymous>)
    at runWithTimeout (file:///C:/Users/Good/Documents/web/coba/node_modules/.bun/@vitest+runner@4.0.18/node_modules/@vitest/runner/dist/index.js:1209:10)
    at file:///C:/Users/Good/Documents/web/coba/node_modules/.bun/@vitest+runner@4.0.18/node_modules/@vitest/runner/dist/index.js:1653:37
    at Traces.$ (file:///C:/Users/Good/Documents/web/coba/node_modules/.bun/vitest@4.0.18/node_modules/vitest/dist/chunks/traces.CCmnQaNT.js:142:27)
    at trace (file:///C:/Users/Good/Documents/web/coba/node_modules/.bun/vitest@4.0.18/node_modules/vitest/dist/chunks/test.B8ej_ZHS.js:239:21)
    at runTest (file:///C:/Users/Good/Documents/web/coba/node_modules/.bun/@vitest+runner@4.0.18/node_modules/@vitest/runner/dist/index.js:1653:12)

[2026-02-28T16:42:24.209Z] Failed to retrieve sales
Error: Err
    at C:/Users/Good/Documents/web/coba/apps/backend/src/modules/03-sales/sales/test/sales.controller.test.ts:34:59
    at file:///C:/Users/Good/Documents/web/coba/node_modules/.bun/@vitest+runner@4.0.18/node_modules/@vitest/runner/dist/index.js:145:11
    at file:///C:/Users/Good/Documents/web/coba/node_modules/.bun/@vitest+runner@4.0.18/node_modules/@vitest/runner/dist/index.js:915:26
    at file:///C:/Users/Good/Documents/web/coba/node_modules/.bun/@vitest+runner@4.0.18/node_modules/@vitest/runner/dist/index.js:1243:20
    at new Promise (<anonymous>)
    at runWithTimeout (file:///C:/Users/Good/Documents/web/coba/node_modules/.bun/@vitest+runner@4.0.18/node_modules/@vitest/runner/dist/index.js:1209:10)
    at file:///C:/Users/Good/Documents/web/coba/node_modules/.bun/@vitest+runner@4.0.18/node_modules/@vitest/runner/dist/index.js:1653:37
    at Traces.$ (file:///C:/Users/Good/Documents/web/coba/node_modules/.bun/vitest@4.0.18/node_modules/vitest/dist/chunks/traces.CCmnQaNT.js:142:27)
    at trace (file:///C:/Users/Good/Documents/web/coba/node_modules/.bun/vitest@4.0.18/node_modules/vitest/dist/chunks/test.B8ej_ZHS.js:239:21)
    at runTest (file:///C:/Users/Good/Documents/web/coba/node_modules/.bun/@vitest+runner@4.0.18/node_modules/@vitest/runner/dist/index.js:1653:12)

[2026-02-28T16:42:24.717Z] An error occurred
"Err"

[2026-02-28T16:42:26.127Z] Failed to retrieve purchase returns
Error: Err
    at C:/Users/Good/Documents/web/coba/apps/backend/src/modules/01-purchases/purchase-returns/test/purchase-returns.controller.test.ts:28:55
    at file:///C:/Users/Good/Documents/web/coba/node_modules/.bun/@vitest+runner@4.0.18/node_modules/@vitest/runner/dist/index.js:145:11
    at file:///C:/Users/Good/Documents/web/coba/node_modules/.bun/@vitest+runner@4.0.18/node_modules/@vitest/runner/dist/index.js:915:26
    at file:///C:/Users/Good/Documents/web/coba/node_modules/.bun/@vitest+runner@4.0.18/node_modules/@vitest/runner/dist/index.js:1243:20
    at new Promise (<anonymous>)
    at runWithTimeout (file:///C:/Users/Good/Documents/web/coba/node_modules/.bun/@vitest+runner@4.0.18/node_modules/@vitest/runner/dist/index.js:1209:10)
    at file:///C:/Users/Good/Documents/web/coba/node_modules/.bun/@vitest+runner@4.0.18/node_modules/@vitest/runner/dist/index.js:1653:37
    at Traces.$ (file:///C:/Users/Good/Documents/web/coba/node_modules/.bun/vitest@4.0.18/node_modules/vitest/dist/chunks/traces.CCmnQaNT.js:142:27)
    at trace (file:///C:/Users/Good/Documents/web/coba/node_modules/.bun/vitest@4.0.18/node_modules/vitest/dist/chunks/test.B8ej_ZHS.js:239:21)
    at runTest (file:///C:/Users/Good/Documents/web/coba/node_modules/.bun/@vitest+runner@4.0.18/node_modules/@vitest/runner/dist/index.js:1653:12)

[2026-02-28T16:42:26.143Z] Err
Error: Err
    at C:/Users/Good/Documents/web/coba/apps/backend/src/modules/01-purchases/purchase-returns/test/purchase-returns.controller.test.ts:57:55
    at file:///C:/Users/Good/Documents/web/coba/node_modules/.bun/@vitest+runner@4.0.18/node_modules/@vitest/runner/dist/index.js:145:11
    at file:///C:/Users/Good/Documents/web/coba/node_modules/.bun/@vitest+runner@4.0.18/node_modules/@vitest/runner/dist/index.js:915:26
    at file:///C:/Users/Good/Documents/web/coba/node_modules/.bun/@vitest+runner@4.0.18/node_modules/@vitest/runner/dist/index.js:1243:20
    at new Promise (<anonymous>)
    at runWithTimeout (file:///C:/Users/Good/Documents/web/coba/node_modules/.bun/@vitest+runner@4.0.18/node_modules/@vitest/runner/dist/index.js:1209:10)
    at file:///C:/Users/Good/Documents/web/coba/node_modules/.bun/@vitest+runner@4.0.18/node_modules/@vitest/runner/dist/index.js:1653:37
    at Traces.$ (file:///C:/Users/Good/Documents/web/coba/node_modules/.bun/vitest@4.0.18/node_modules/vitest/dist/chunks/traces.CCmnQaNT.js:142:27)
    at trace (file:///C:/Users/Good/Documents/web/coba/node_modules/.bun/vitest@4.0.18/node_modules/vitest/dist/chunks/test.B8ej_ZHS.js:239:21)
    at runTest (file:///C:/Users/Good/Documents/web/coba/node_modules/.bun/@vitest+runner@4.0.18/node_modules/@vitest/runner/dist/index.js:1653:12)

[2026-02-28T16:42:26.187Z] An error occurred
Error: Err
    at C:/Users/Good/Documents/web/coba/apps/backend/src/modules/03-sales/customers/test/customers.controller.test.ts:31:59
    at file:///C:/Users/Good/Documents/web/coba/node_modules/.bun/@vitest+runner@4.0.18/node_modules/@vitest/runner/dist/index.js:145:11
    at file:///C:/Users/Good/Documents/web/coba/node_modules/.bun/@vitest+runner@4.0.18/node_modules/@vitest/runner/dist/index.js:915:26
    at file:///C:/Users/Good/Documents/web/coba/node_modules/.bun/@vitest+runner@4.0.18/node_modules/@vitest/runner/dist/index.js:1243:20
    at new Promise (<anonymous>)
    at runWithTimeout (file:///C:/Users/Good/Documents/web/coba/node_modules/.bun/@vitest+runner@4.0.18/node_modules/@vitest/runner/dist/index.js:1209:10)
    at file:///C:/Users/Good/Documents/web/coba/node_modules/.bun/@vitest+runner@4.0.18/node_modules/@vitest/runner/dist/index.js:1653:37
    at Traces.$ (file:///C:/Users/Good/Documents/web/coba/node_modules/.bun/vitest@4.0.18/node_modules/vitest/dist/chunks/traces.CCmnQaNT.js:142:27)
    at trace (file:///C:/Users/Good/Documents/web/coba/node_modules/.bun/vitest@4.0.18/node_modules/vitest/dist/chunks/test.B8ej_ZHS.js:239:21)
    at runTest (file:///C:/Users/Good/Documents/web/coba/node_modules/.bun/@vitest+runner@4.0.18/node_modules/@vitest/runner/dist/index.js:1653:12)

[2026-02-28T16:44:07.303Z] Failed to retrieve services
Error: Err
    at C:/Users/Good/Documents/web/coba/apps/backend/src/modules/03-sales/service/test/service.controller.test.ts:30:59
    at file:///C:/Users/Good/Documents/web/coba/node_modules/.bun/@vitest+runner@4.0.18/node_modules/@vitest/runner/dist/index.js:145:11
    at file:///C:/Users/Good/Documents/web/coba/node_modules/.bun/@vitest+runner@4.0.18/node_modules/@vitest/runner/dist/index.js:915:26
    at file:///C:/Users/Good/Documents/web/coba/node_modules/.bun/@vitest+runner@4.0.18/node_modules/@vitest/runner/dist/index.js:1243:20
    at new Promise (<anonymous>)
    at runWithTimeout (file:///C:/Users/Good/Documents/web/coba/node_modules/.bun/@vitest+runner@4.0.18/node_modules/@vitest/runner/dist/index.js:1209:10)
    at file:///C:/Users/Good/Documents/web/coba/node_modules/.bun/@vitest+runner@4.0.18/node_modules/@vitest/runner/dist/index.js:1653:37
    at Traces.$ (file:///C:/Users/Good/Documents/web/coba/node_modules/.bun/vitest@4.0.18/node_modules/vitest/dist/chunks/traces.CCmnQaNT.js:142:27)
    at trace (file:///C:/Users/Good/Documents/web/coba/node_modules/.bun/vitest@4.0.18/node_modules/vitest/dist/chunks/test.B8ej_ZHS.js:239:21)
    at runTest (file:///C:/Users/Good/Documents/web/coba/node_modules/.bun/@vitest+runner@4.0.18/node_modules/@vitest/runner/dist/index.js:1653:12)

[2026-02-28T16:44:08.033Z] An error occurred
"Err"

[2026-02-28T16:44:08.749Z] Failed to retrieve purchase returns
Error: Err
    at C:/Users/Good/Documents/web/coba/apps/backend/src/modules/01-purchases/purchase-returns/test/purchase-returns.controller.test.ts:28:55
    at file:///C:/Users/Good/Documents/web/coba/node_modules/.bun/@vitest+runner@4.0.18/node_modules/@vitest/runner/dist/index.js:145:11
    at file:///C:/Users/Good/Documents/web/coba/node_modules/.bun/@vitest+runner@4.0.18/node_modules/@vitest/runner/dist/index.js:915:26
    at file:///C:/Users/Good/Documents/web/coba/node_modules/.bun/@vitest+runner@4.0.18/node_modules/@vitest/runner/dist/index.js:1243:20
    at new Promise (<anonymous>)
    at runWithTimeout (file:///C:/Users/Good/Documents/web/coba/node_modules/.bun/@vitest+runner@4.0.18/node_modules/@vitest/runner/dist/index.js:1209:10)
    at file:///C:/Users/Good/Documents/web/coba/node_modules/.bun/@vitest+runner@4.0.18/node_modules/@vitest/runner/dist/index.js:1653:37
    at Traces.$ (file:///C:/Users/Good/Documents/web/coba/node_modules/.bun/vitest@4.0.18/node_modules/vitest/dist/chunks/traces.CCmnQaNT.js:142:27)
    at trace (file:///C:/Users/Good/Documents/web/coba/node_modules/.bun/vitest@4.0.18/node_modules/vitest/dist/chunks/test.B8ej_ZHS.js:239:21)
    at runTest (file:///C:/Users/Good/Documents/web/coba/node_modules/.bun/@vitest+runner@4.0.18/node_modules/@vitest/runner/dist/index.js:1653:12)

[2026-02-28T16:44:08.756Z] Err
Error: Err
    at C:/Users/Good/Documents/web/coba/apps/backend/src/modules/01-purchases/purchase-returns/test/purchase-returns.controller.test.ts:57:55
    at file:///C:/Users/Good/Documents/web/coba/node_modules/.bun/@vitest+runner@4.0.18/node_modules/@vitest/runner/dist/index.js:145:11
    at file:///C:/Users/Good/Documents/web/coba/node_modules/.bun/@vitest+runner@4.0.18/node_modules/@vitest/runner/dist/index.js:915:26
    at file:///C:/Users/Good/Documents/web/coba/node_modules/.bun/@vitest+runner@4.0.18/node_modules/@vitest/runner/dist/index.js:1243:20
    at new Promise (<anonymous>)
    at runWithTimeout (file:///C:/Users/Good/Documents/web/coba/node_modules/.bun/@vitest+runner@4.0.18/node_modules/@vitest/runner/dist/index.js:1209:10)
    at file:///C:/Users/Good/Documents/web/coba/node_modules/.bun/@vitest+runner@4.0.18/node_modules/@vitest/runner/dist/index.js:1653:37
    at Traces.$ (file:///C:/Users/Good/Documents/web/coba/node_modules/.bun/vitest@4.0.18/node_modules/vitest/dist/chunks/traces.CCmnQaNT.js:142:27)
    at trace (file:///C:/Users/Good/Documents/web/coba/node_modules/.bun/vitest@4.0.18/node_modules/vitest/dist/chunks/test.B8ej_ZHS.js:239:21)
    at runTest (file:///C:/Users/Good/Documents/web/coba/node_modules/.bun/@vitest+runner@4.0.18/node_modules/@vitest/runner/dist/index.js:1653:12)

[2026-02-28T16:44:10.750Z] Failed to retrieve sales
Error: Err
    at C:/Users/Good/Documents/web/coba/apps/backend/src/modules/03-sales/sales/test/sales.controller.test.ts:34:59
    at file:///C:/Users/Good/Documents/web/coba/node_modules/.bun/@vitest+runner@4.0.18/node_modules/@vitest/runner/dist/index.js:145:11
    at file:///C:/Users/Good/Documents/web/coba/node_modules/.bun/@vitest+runner@4.0.18/node_modules/@vitest/runner/dist/index.js:915:26
    at file:///C:/Users/Good/Documents/web/coba/node_modules/.bun/@vitest+runner@4.0.18/node_modules/@vitest/runner/dist/index.js:1243:20
    at new Promise (<anonymous>)
    at runWithTimeout (file:///C:/Users/Good/Documents/web/coba/node_modules/.bun/@vitest+runner@4.0.18/node_modules/@vitest/runner/dist/index.js:1209:10)
    at file:///C:/Users/Good/Documents/web/coba/node_modules/.bun/@vitest+runner@4.0.18/node_modules/@vitest/runner/dist/index.js:1653:37
    at Traces.$ (file:///C:/Users/Good/Documents/web/coba/node_modules/.bun/vitest@4.0.18/node_modules/vitest/dist/chunks/traces.CCmnQaNT.js:142:27)
    at trace (file:///C:/Users/Good/Documents/web/coba/node_modules/.bun/vitest@4.0.18/node_modules/vitest/dist/chunks/test.B8ej_ZHS.js:239:21)
    at runTest (file:///C:/Users/Good/Documents/web/coba/node_modules/.bun/@vitest+runner@4.0.18/node_modules/@vitest/runner/dist/index.js:1653:12)

[2026-02-28T16:44:10.817Z] An error occurred
Error: Err
    at C:/Users/Good/Documents/web/coba/apps/backend/src/modules/03-sales/customers/test/customers.controller.test.ts:31:59
    at file:///C:/Users/Good/Documents/web/coba/node_modules/.bun/@vitest+runner@4.0.18/node_modules/@vitest/runner/dist/index.js:145:11
    at file:///C:/Users/Good/Documents/web/coba/node_modules/.bun/@vitest+runner@4.0.18/node_modules/@vitest/runner/dist/index.js:915:26
    at file:///C:/Users/Good/Documents/web/coba/node_modules/.bun/@vitest+runner@4.0.18/node_modules/@vitest/runner/dist/index.js:1243:20
    at new Promise (<anonymous>)
    at runWithTimeout (file:///C:/Users/Good/Documents/web/coba/node_modules/.bun/@vitest+runner@4.0.18/node_modules/@vitest/runner/dist/index.js:1209:10)
    at file:///C:/Users/Good/Documents/web/coba/node_modules/.bun/@vitest+runner@4.0.18/node_modules/@vitest/runner/dist/index.js:1653:37
    at Traces.$ (file:///C:/Users/Good/Documents/web/coba/node_modules/.bun/vitest@4.0.18/node_modules/vitest/dist/chunks/traces.CCmnQaNT.js:142:27)
    at trace (file:///C:/Users/Good/Documents/web/coba/node_modules/.bun/vitest@4.0.18/node_modules/vitest/dist/chunks/test.B8ej_ZHS.js:239:21)
    at runTest (file:///C:/Users/Good/Documents/web/coba/node_modules/.bun/@vitest+runner@4.0.18/node_modules/@vitest/runner/dist/index.js:1653:12)

[2026-02-28T16:47:19.249Z] Failed to retrieve services
Error: Err
    at C:/Users/Good/Documents/web/coba/apps/backend/src/modules/03-sales/service/test/service.controller.test.ts:30:59
    at file:///C:/Users/Good/Documents/web/coba/node_modules/.bun/@vitest+runner@4.0.18/node_modules/@vitest/runner/dist/index.js:145:11
    at file:///C:/Users/Good/Documents/web/coba/node_modules/.bun/@vitest+runner@4.0.18/node_modules/@vitest/runner/dist/index.js:915:26
    at file:///C:/Users/Good/Documents/web/coba/node_modules/.bun/@vitest+runner@4.0.18/node_modules/@vitest/runner/dist/index.js:1243:20
    at new Promise (<anonymous>)
    at runWithTimeout (file:///C:/Users/Good/Documents/web/coba/node_modules/.bun/@vitest+runner@4.0.18/node_modules/@vitest/runner/dist/index.js:1209:10)
    at file:///C:/Users/Good/Documents/web/coba/node_modules/.bun/@vitest+runner@4.0.18/node_modules/@vitest/runner/dist/index.js:1653:37
    at Traces.$ (file:///C:/Users/Good/Documents/web/coba/node_modules/.bun/vitest@4.0.18/node_modules/vitest/dist/chunks/traces.CCmnQaNT.js:142:27)
    at trace (file:///C:/Users/Good/Documents/web/coba/node_modules/.bun/vitest@4.0.18/node_modules/vitest/dist/chunks/test.B8ej_ZHS.js:239:21)
    at runTest (file:///C:/Users/Good/Documents/web/coba/node_modules/.bun/@vitest+runner@4.0.18/node_modules/@vitest/runner/dist/index.js:1653:12)

[2026-02-28T16:47:20.725Z] An error occurred
"Err"

[2026-02-28T16:47:21.172Z] Failed to retrieve sales
Error: Err
    at C:/Users/Good/Documents/web/coba/apps/backend/src/modules/03-sales/sales/test/sales.controller.test.ts:34:59
    at file:///C:/Users/Good/Documents/web/coba/node_modules/.bun/@vitest+runner@4.0.18/node_modules/@vitest/runner/dist/index.js:145:11
    at file:///C:/Users/Good/Documents/web/coba/node_modules/.bun/@vitest+runner@4.0.18/node_modules/@vitest/runner/dist/index.js:915:26
    at file:///C:/Users/Good/Documents/web/coba/node_modules/.bun/@vitest+runner@4.0.18/node_modules/@vitest/runner/dist/index.js:1243:20
    at new Promise (<anonymous>)
    at runWithTimeout (file:///C:/Users/Good/Documents/web/coba/node_modules/.bun/@vitest+runner@4.0.18/node_modules/@vitest/runner/dist/index.js:1209:10)
    at file:///C:/Users/Good/Documents/web/coba/node_modules/.bun/@vitest+runner@4.0.18/node_modules/@vitest/runner/dist/index.js:1653:37
    at Traces.$ (file:///C:/Users/Good/Documents/web/coba/node_modules/.bun/vitest@4.0.18/node_modules/vitest/dist/chunks/traces.CCmnQaNT.js:142:27)
    at trace (file:///C:/Users/Good/Documents/web/coba/node_modules/.bun/vitest@4.0.18/node_modules/vitest/dist/chunks/test.B8ej_ZHS.js:239:21)
    at runTest (file:///C:/Users/Good/Documents/web/coba/node_modules/.bun/@vitest+runner@4.0.18/node_modules/@vitest/runner/dist/index.js:1653:12)

[2026-02-28T16:47:22.663Z] Failed to retrieve purchase returns
Error: Err
    at C:/Users/Good/Documents/web/coba/apps/backend/src/modules/01-purchases/purchase-returns/test/purchase-returns.controller.test.ts:28:55
    at file:///C:/Users/Good/Documents/web/coba/node_modules/.bun/@vitest+runner@4.0.18/node_modules/@vitest/runner/dist/index.js:145:11
    at file:///C:/Users/Good/Documents/web/coba/node_modules/.bun/@vitest+runner@4.0.18/node_modules/@vitest/runner/dist/index.js:915:26
    at file:///C:/Users/Good/Documents/web/coba/node_modules/.bun/@vitest+runner@4.0.18/node_modules/@vitest/runner/dist/index.js:1243:20
    at new Promise (<anonymous>)
    at runWithTimeout (file:///C:/Users/Good/Documents/web/coba/node_modules/.bun/@vitest+runner@4.0.18/node_modules/@vitest/runner/dist/index.js:1209:10)
    at file:///C:/Users/Good/Documents/web/coba/node_modules/.bun/@vitest+runner@4.0.18/node_modules/@vitest/runner/dist/index.js:1653:37
    at Traces.$ (file:///C:/Users/Good/Documents/web/coba/node_modules/.bun/vitest@4.0.18/node_modules/vitest/dist/chunks/traces.CCmnQaNT.js:142:27)
    at trace (file:///C:/Users/Good/Documents/web/coba/node_modules/.bun/vitest@4.0.18/node_modules/vitest/dist/chunks/test.B8ej_ZHS.js:239:21)
    at runTest (file:///C:/Users/Good/Documents/web/coba/node_modules/.bun/@vitest+runner@4.0.18/node_modules/@vitest/runner/dist/index.js:1653:12)

[2026-02-28T16:47:22.669Z] Err
Error: Err
    at C:/Users/Good/Documents/web/coba/apps/backend/src/modules/01-purchases/purchase-returns/test/purchase-returns.controller.test.ts:57:55
    at file:///C:/Users/Good/Documents/web/coba/node_modules/.bun/@vitest+runner@4.0.18/node_modules/@vitest/runner/dist/index.js:145:11
    at file:///C:/Users/Good/Documents/web/coba/node_modules/.bun/@vitest+runner@4.0.18/node_modules/@vitest/runner/dist/index.js:915:26
    at file:///C:/Users/Good/Documents/web/coba/node_modules/.bun/@vitest+runner@4.0.18/node_modules/@vitest/runner/dist/index.js:1243:20
    at new Promise (<anonymous>)
    at runWithTimeout (file:///C:/Users/Good/Documents/web/coba/node_modules/.bun/@vitest+runner@4.0.18/node_modules/@vitest/runner/dist/index.js:1209:10)
    at file:///C:/Users/Good/Documents/web/coba/node_modules/.bun/@vitest+runner@4.0.18/node_modules/@vitest/runner/dist/index.js:1653:37
    at Traces.$ (file:///C:/Users/Good/Documents/web/coba/node_modules/.bun/vitest@4.0.18/node_modules/vitest/dist/chunks/traces.CCmnQaNT.js:142:27)
    at trace (file:///C:/Users/Good/Documents/web/coba/node_modules/.bun/vitest@4.0.18/node_modules/vitest/dist/chunks/test.B8ej_ZHS.js:239:21)
    at runTest (file:///C:/Users/Good/Documents/web/coba/node_modules/.bun/@vitest+runner@4.0.18/node_modules/@vitest/runner/dist/index.js:1653:12)

[2026-02-28T16:47:22.819Z] An error occurred
Error: Err
    at C:/Users/Good/Documents/web/coba/apps/backend/src/modules/03-sales/customers/test/customers.controller.test.ts:31:59
    at file:///C:/Users/Good/Documents/web/coba/node_modules/.bun/@vitest+runner@4.0.18/node_modules/@vitest/runner/dist/index.js:145:11
    at file:///C:/Users/Good/Documents/web/coba/node_modules/.bun/@vitest+runner@4.0.18/node_modules/@vitest/runner/dist/index.js:915:26
    at file:///C:/Users/Good/Documents/web/coba/node_modules/.bun/@vitest+runner@4.0.18/node_modules/@vitest/runner/dist/index.js:1243:20
    at new Promise (<anonymous>)
    at runWithTimeout (file:///C:/Users/Good/Documents/web/coba/node_modules/.bun/@vitest+runner@4.0.18/node_modules/@vitest/runner/dist/index.js:1209:10)
    at file:///C:/Users/Good/Documents/web/coba/node_modules/.bun/@vitest+runner@4.0.18/node_modules/@vitest/runner/dist/index.js:1653:37
    at Traces.$ (file:///C:/Users/Good/Documents/web/coba/node_modules/.bun/vitest@4.0.18/node_modules/vitest/dist/chunks/traces.CCmnQaNT.js:142:27)
    at trace (file:///C:/Users/Good/Documents/web/coba/node_modules/.bun/vitest@4.0.18/node_modules/vitest/dist/chunks/test.B8ej_ZHS.js:239:21)
    at runTest (file:///C:/Users/Good/Documents/web/coba/node_modules/.bun/@vitest+runner@4.0.18/node_modules/@vitest/runner/dist/index.js:1653:12)

--- REGISTERED ROUTES ---
GET /api-docs/spec
ALL /*
ALL /*
ALL /*
ALL /*
ALL /uploads/*
GET /api-docs/docs
POST /auth/login
POST /auth/logout
POST /auth/switch-role
POST /auth/switch-role
GET /auth/me
GET /auth/me
GET /auth/roles
GET /auth/roles
ALL /products/*
GET /products/stats
GET /products/searchproduct
GET /products/searchproduct
GET /products/categories/:id/product-count
GET /products/categories/:id/product-count
GET /products
GET /products/suppliers/:id/variants
GET /products/suppliers/:id/variants
GET /products/batches
GET /products/batches
GET /products/:id/variants
GET /products/:id/variants
GET /products/:id/variants
GET /products/:id
GET /products/:id
ALL /products
ALL /products/:id
ALL /products/variants
ALL /products/variants/:id
ALL /products/bulk-min-stock
ALL /products/print-label
POST /products
POST /products
PUT /products/:id
PUT /products/:id
PUT /products/:id
DELETE /products/:id
DELETE /products/:id
POST /products/variants
POST /products/variants
PUT /products/variants/:id
PUT /products/variants/:id
PUT /products/variants/:id
DELETE /products/variants/:id
DELETE /products/variants/:id
PATCH /products/bulk-min-stock
PATCH /products/bulk-min-stock
POST /products/print-label
POST /products/print-label
ALL /inventory/*
GET /inventory/stats
GET /inventory/searchproduct
GET /inventory/searchproduct
GET /inventory/categories/:id/product-count
GET /inventory/categories/:id/product-count
GET /inventory
GET /inventory/suppliers/:id/variants
GET /inventory/suppliers/:id/variants
GET /inventory/batches
GET /inventory/batches
GET /inventory/:id/variants
GET /inventory/:id/variants
GET /inventory/:id/variants
GET /inventory/:id
GET /inventory/:id
ALL /inventory
ALL /inventory/:id
ALL /inventory/variants
ALL /inventory/variants/:id
ALL /inventory/bulk-min-stock
ALL /inventory/print-label
POST /inventory
POST /inventory
PUT /inventory/:id
PUT /inventory/:id
PUT /inventory/:id
DELETE /inventory/:id
DELETE /inventory/:id
POST /inventory/variants
POST /inventory/variants
PUT /inventory/variants/:id
PUT /inventory/variants/:id
PUT /inventory/variants/:id
DELETE /inventory/variants/:id
DELETE /inventory/variants/:id
PATCH /inventory/bulk-min-stock
PATCH /inventory/bulk-min-stock
POST /inventory/print-label
POST /inventory/print-label
ALL /inventory/*
ALL /inventory/opname/*
GET /inventory/opname/sessions
GET /inventory/opname/adjustment-history
POST /inventory/opname/sessions
POST /inventory/opname/sessions
GET /inventory/opname/sessions/:id
GET /inventory/opname/sessions/:id
PUT /inventory/opname/items/:itemId
PUT /inventory/opname/items/:itemId
PUT /inventory/opname/items/:itemId
POST /inventory/opname/sessions/:id/finalize
POST /inventory/opname/sessions/:id/finalize
POST /inventory/opname/sessions/:id/cancel
POST /inventory/opname/sessions/:id/cancel
GET /inventory/gambling/dead-phones
POST /inventory/gambling/dead-phones
POST /inventory/gambling/test-logs
GET /inventory/kanibal/forfeited-devices
POST /inventory/kanibal/forfeit
POST /inventory/kanibal/harvest
ALL /categories/*
GET /categories
POST /categories
POST /categories
POST /categories
PUT /categories/:id
PUT /categories/:id
PUT /categories/:id
DELETE /categories/:id
DELETE /categories/:id
POST /categories/:id/variants
POST /categories/:id/variants
POST /categories/:id/variants
DELETE /categories/variants/:variantId
DELETE /categories/variants/:variantId
ALL /service/*
GET /service
GET /service/counts
GET /service/dashboard/stats
GET /service/:id
GET /service/:id/print
POST /service
POST /service
POST /service/:id/assign
PUT /service/:id/status
PUT /service/:id/details
PATCH /service/:id
DELETE /service/:id
ALL /service-categories/*
GET /service-categories
POST /service-categories
GET /service-categories/:id
PUT /service-categories/:id
DELETE /service-categories/:id
ALL /service-types/*
GET /service-types
POST /service-types
GET /service-types/:id
PUT /service-types/:id
DELETE /service-types/:id
ALL /service-items/*
POST /service-items
POST /service-items/:id/parts
PUT /service-items/:id/complete
ALL /commissions/*
GET /commissions/settings/:technicianId
PUT /commissions/settings/:technicianId
GET /commissions/summary/:technicianId
POST /commissions/mark-paid
ALL /suppliers/*
GET /suppliers
GET /suppliers/:id/categories
POST /suppliers
POST /suppliers
POST /suppliers
PUT /suppliers/:id
PUT /suppliers/:id
PUT /suppliers/:id
DELETE /suppliers/:id
DELETE /suppliers/:id
POST /suppliers/:id/categories
POST /suppliers/:id/categories
POST /suppliers/:id/categories
DELETE /suppliers/:id/categories/:categoryId
DELETE /suppliers/:id/categories/:categoryId
GET /suppliers/:id/product-variants
GET /suppliers/:id/product-variants
POST /suppliers/:id/product-variants
POST /suppliers/:id/product-variants
POST /suppliers/:id/product-variants
DELETE /suppliers/:id/product-variants/:productId
DELETE /suppliers/:id/product-variants/:productId
ALL /purchases/*
GET /purchases
GET /purchases
POST /purchases
POST /purchases
POST /purchases
GET /purchases/recommendations/low-stock
GET /purchases/recommendations/low-stock
GET /purchases/:id
GET /purchases/:id
POST /purchases/:id/cancel
POST /purchases/:id/cancel
POST /purchases/:id/receive
POST /purchases/:id/receive
POST /purchases/:id/receive
POST /purchases/:id/verify
POST /purchases/:id/verify
POST /purchases/:id/verify
DELETE /purchases/:id
DELETE /purchases/:id
GET /purchase-returns
GET /purchase-returns
GET /purchase-returns
GET /purchase-returns/:id
GET /purchase-returns/:id
GET /purchase-returns/:id
POST /purchase-returns
POST /purchase-returns
POST /purchase-returns
ALL /sales/*
GET /sales
GET /sales
GET /sales/:id
GET /sales/:id
POST /sales
POST /sales
POST /sales
GET /notifications/notifications
GET /notifications/notifications
POST /notifications/notifications/:id/read
POST /notifications/notifications/:id/read
POST /notifications/whatsapp/send
POST /notifications/whatsapp/send
POST /notifications/notifications/send
POST /notifications/notifications/send
POST /uploads
POST /uploads
ALL /users/*
GET /users
GET /users
GET /users/:id
GET /users/:id
POST /users
POST /users
PUT /users/:id
PUT /users/:id
DELETE /users/:id
DELETE /users/:id
GET /customers
GET /customers
GET /customers
GET /customers/:id
GET /customers/:id
GET /customers/:id
POST /customers
POST /customers
POST /customers
POST /customers
PATCH /customers/:id
PATCH /customers/:id
PATCH /customers/:id
PATCH /customers/:id
DELETE /customers/:id
DELETE /customers/:id
DELETE /customers/:id
GET /customers/:id/sales
GET /customers/:id/sales
GET /customers/:id/sales
GET /customers/:id/unpaid-sales
GET /customers/:id/unpaid-sales
GET /customers/:id/unpaid-sales
POST /customers/:id/payments
POST /customers/:id/payments
POST /customers/:id/payments
POST /customers/:id/payments
ALL /defective-items/*
GET /defective-items/pending
GET /defective-items/pending
GET /defective-items/processed
GET /defective-items/processed
POST /defective-items
POST /defective-items
POST /defective-items/process-return
POST /defective-items/process-return
ALL /reports/*
ALL /reports/*
GET /reports/summary
GET /reports/transactions
GET /reports/sales/summary
GET /reports/sales/transactions
GET /reports/services
GET /reports/services/stats
GET /reports/services/transactions
GET /reports/services/technicians
GET /reports/services/parts-usage
GET /reports/technicians
GET /reports/parts
GET /reports/purchases/summary
GET /reports/purchases/transactions
GET /reports/inventory/adjustments
GET /reports/logs
GET /reports/profit-loss
GET /reports/stock-value
GET /reports/kasir/daily
GET /reports/warehouse/low-stock
GET /approvals/pending
POST /approvals/request
POST /approvals/:id/action
ALL /settings/*
GET /settings/*
PUT /settings/*
POST /settings/*
GET /settings
GET /settings/payment-methods
PUT /settings/payment-methods
GET /settings/store-info
PUT /settings/store-info
GET /settings/receipt
PUT /settings/receipt
GET /settings/service
PUT /settings/service
GET /settings/whatsapp
PUT /settings/whatsapp
GET /settings/commission
PUT /settings/commission
GET /settings/account-mappings
PUT /settings/account-mappings
GET /settings/general
PUT /settings/general
GET /settings/tax
PUT /settings/tax
GET /settings/system
PUT /settings/system
POST /settings/reset
GET /settings/role-behavior
PUT /settings/role-behavior
GET /settings/:key
PUT /settings/:key
ALL /payment-methods/*
GET /payment-methods
GET /payment-methods
GET /payment-methods/enabled
GET /payment-methods/:id
GET /payment-methods/:id
POST /payment-methods
POST /payment-methods
PATCH /payment-methods/:id
PATCH /payment-methods/:id
DELETE /payment-methods/:id
DELETE /payment-methods/:id
POST /payment-methods/:id/variants
POST /payment-methods/:id/variants
PATCH /payment-methods/variants/:id
PATCH /payment-methods/variants/:id
DELETE /payment-methods/variants/:id
DELETE /payment-methods/variants/:id
ALL /payments/methods/*
GET /payments/methods
GET /payments/methods
GET /payments/methods/enabled
GET /payments/methods/:id
GET /payments/methods/:id
POST /payments/methods
POST /payments/methods
PATCH /payments/methods/:id
PATCH /payments/methods/:id
DELETE /payments/methods/:id
DELETE /payments/methods/:id
POST /payments/methods/:id/variants
POST /payments/methods/:id/variants
PATCH /payments/methods/variants/:id
PATCH /payments/methods/variants/:id
DELETE /payments/methods/variants/:id
DELETE /payments/methods/variants/:id
ALL /dashboard/*
GET /dashboard
GET /dashboard/activities
GET /dashboard/recent-services
GET /dashboard/urgent-services
GET /dashboard/technician
GET /dashboard/cashier
GET /dashboard/warehouse
GET /dashboard/profit-loss
GET /dashboard/stats
GET /dashboard/charts/sales
GET /dashboard/alerts/inventory
ALL /devices/*
POST /devices/scrape
POST /devices/scrape
POST /devices/scrape-list
POST /devices/scrape-list
POST /devices/import
POST /devices/import
GET /devices
GET /devices/unlinked
GET /devices/unlinked
GET /devices/:id
POST /devices
POST /devices
PUT /devices/:id
PUT /devices/:id
DELETE /devices/bulk
DELETE /devices/bulk
DELETE /devices/:id
DELETE /devices/:id
POST /devices/:id/sync
POST /devices/:id/sync
GET /brands
POST /brands
POST /brands
POST /brands
POST /brands
PATCH /brands/:id
PATCH /brands/:id
PATCH /brands/:id
PATCH /brands/:id
DELETE /brands/:id
DELETE /brands/:id
DELETE /brands/:id
ALL /service-tools/*
GET /service-tools
GET /service-tools/my
GET /service-tools/requests/my
GET /service-tools/requests/my
GET /service-tools/requests/all
GET /service-tools/requests
POST /service-tools
POST /service-tools
POST /service-tools/requests
POST /service-tools/requests
PUT /service-tools/:id
PUT /service-tools/:id
PATCH /service-tools/:id/condition
PATCH /service-tools/requests/:id/status
DELETE /service-tools/:id
DELETE /service-tools/:id
ALL /operational-costs/*
ALL /operational-costs/*
GET /operational-costs
POST /operational-costs
POST /operational-costs
DELETE /operational-costs/:id
ALL /accounting/*
ALL /accounting/*
GET /accounting/dashboard
GET /accounting/liabilities/summary
GET /accounting/liabilities/suppliers
GET /accounting/liabilities/expenses
GET /accounting/liabilities/commissions
POST /accounting/liabilities/expenses/:id/pay
GET /accounting/accounts
GET /accounting/accounts/tree
GET /accounting/accounts/shared/core/types
POST /accounting/accounts
POST /accounting/accounts
PATCH /accounting/accounts/:id
DELETE /accounting/accounts/:id
GET /accounting/journals
GET /accounting/journals/:id
GET /accounting/register/current
GET /accounting/register/status
POST /accounting/register/open
POST /accounting/register/close
POST /accounting/register/expense
GET /accounting/assets
POST /accounting/assets
GET /accounting/payables
GET /accounting/payables/summary
GET /accounting/payables/:id
POST /accounting/payables/:id/payments
GET /accounting/targets/today
GET /accounting/targets/:month
POST /accounting/targets/:month
GET /accounting/reports/gl
GET /accounting/reports/pl
GET /accounting/reports/balance-sheet
GET /accounting/audit-logs
POST /store-devices/register
POST /store-devices/register
GET /store-devices/:deviceId/status
GET /store-devices/:deviceId/status
POST /store-devices/:deviceId/ping
POST /store-devices/:deviceId/ping
GET /whatsapp/notifications
GET /whatsapp/notifications
POST /whatsapp/notifications/:id/read
POST /whatsapp/notifications/:id/read
POST /whatsapp/whatsapp/send
POST /whatsapp/whatsapp/send
POST /whatsapp/notifications/send
POST /whatsapp/notifications/send
-------------------------

--- REGISTERED ROUTES ---
GET /api-docs/spec
ALL /*
ALL /*
ALL /*
ALL /*
ALL /uploads/*
GET /api-docs/docs
POST /auth/login
POST /auth/logout
POST /auth/switch-role
POST /auth/switch-role
GET /auth/me
GET /auth/me
GET /auth/roles
GET /auth/roles
ALL /products/*
GET /products/stats
GET /products/searchproduct
GET /products/searchproduct
GET /products/categories/:id/product-count
GET /products/categories/:id/product-count
GET /products
GET /products/suppliers/:id/variants
GET /products/suppliers/:id/variants
GET /products/batches
GET /products/batches
GET /products/:id/variants
GET /products/:id/variants
GET /products/:id/variants
GET /products/:id
GET /products/:id
ALL /products
ALL /products/:id
ALL /products/variants
ALL /products/variants/:id
ALL /products/bulk-min-stock
ALL /products/print-label
POST /products
POST /products
PUT /products/:id
PUT /products/:id
PUT /products/:id
DELETE /products/:id
DELETE /products/:id
POST /products/variants
POST /products/variants
PUT /products/variants/:id
PUT /products/variants/:id
PUT /products/variants/:id
DELETE /products/variants/:id
DELETE /products/variants/:id
PATCH /products/bulk-min-stock
PATCH /products/bulk-min-stock
POST /products/print-label
POST /products/print-label
ALL /inventory/*
GET /inventory/stats
GET /inventory/searchproduct
GET /inventory/searchproduct
GET /inventory/categories/:id/product-count
GET /inventory/categories/:id/product-count
GET /inventory
GET /inventory/suppliers/:id/variants
GET /inventory/suppliers/:id/variants
GET /inventory/batches
GET /inventory/batches
GET /inventory/:id/variants
GET /inventory/:id/variants
GET /inventory/:id/variants
GET /inventory/:id
GET /inventory/:id
ALL /inventory
ALL /inventory/:id
ALL /inventory/variants
ALL /inventory/variants/:id
ALL /inventory/bulk-min-stock
ALL /inventory/print-label
POST /inventory
POST /inventory
PUT /inventory/:id
PUT /inventory/:id
PUT /inventory/:id
DELETE /inventory/:id
DELETE /inventory/:id
POST /inventory/variants
POST /inventory/variants
PUT /inventory/variants/:id
PUT /inventory/variants/:id
PUT /inventory/variants/:id
DELETE /inventory/variants/:id
DELETE /inventory/variants/:id
PATCH /inventory/bulk-min-stock
PATCH /inventory/bulk-min-stock
POST /inventory/print-label
POST /inventory/print-label
ALL /inventory/*
ALL /inventory/opname/*
GET /inventory/opname/sessions
GET /inventory/opname/adjustment-history
POST /inventory/opname/sessions
POST /inventory/opname/sessions
GET /inventory/opname/sessions/:id
GET /inventory/opname/sessions/:id
PUT /inventory/opname/items/:itemId
PUT /inventory/opname/items/:itemId
PUT /inventory/opname/items/:itemId
POST /inventory/opname/sessions/:id/finalize
POST /inventory/opname/sessions/:id/finalize
POST /inventory/opname/sessions/:id/cancel
POST /inventory/opname/sessions/:id/cancel
GET /inventory/gambling/dead-phones
POST /inventory/gambling/dead-phones
POST /inventory/gambling/test-logs
GET /inventory/kanibal/forfeited-devices
POST /inventory/kanibal/forfeit
POST /inventory/kanibal/harvest
ALL /categories/*
GET /categories
POST /categories
POST /categories
POST /categories
PUT /categories/:id
PUT /categories/:id
PUT /categories/:id
DELETE /categories/:id
DELETE /categories/:id
POST /categories/:id/variants
POST /categories/:id/variants
POST /categories/:id/variants
DELETE /categories/variants/:variantId
DELETE /categories/variants/:variantId
ALL /service/*
GET /service
GET /service/counts
GET /service/dashboard/stats
GET /service/:id
GET /service/:id/print
POST /service
POST /service
POST /service/:id/assign
PUT /service/:id/status
PUT /service/:id/details
PATCH /service/:id
DELETE /service/:id
ALL /service-categories/*
GET /service-categories
POST /service-categories
GET /service-categories/:id
PUT /service-categories/:id
DELETE /service-categories/:id
ALL /service-types/*
GET /service-types
POST /service-types
GET /service-types/:id
PUT /service-types/:id
DELETE /service-types/:id
ALL /service-items/*
POST /service-items
POST /service-items/:id/parts
PUT /service-items/:id/complete
ALL /commissions/*
GET /commissions/settings/:technicianId
PUT /commissions/settings/:technicianId
GET /commissions/summary/:technicianId
POST /commissions/mark-paid
ALL /suppliers/*
GET /suppliers
GET /suppliers/:id/categories
POST /suppliers
POST /suppliers
POST /suppliers
PUT /suppliers/:id
PUT /suppliers/:id
PUT /suppliers/:id
DELETE /suppliers/:id
DELETE /suppliers/:id
POST /suppliers/:id/categories
POST /suppliers/:id/categories
POST /suppliers/:id/categories
DELETE /suppliers/:id/categories/:categoryId
DELETE /suppliers/:id/categories/:categoryId
GET /suppliers/:id/product-variants
GET /suppliers/:id/product-variants
POST /suppliers/:id/product-variants
POST /suppliers/:id/product-variants
POST /suppliers/:id/product-variants
DELETE /suppliers/:id/product-variants/:productId
DELETE /suppliers/:id/product-variants/:productId
ALL /purchases/*
GET /purchases
GET /purchases
POST /purchases
POST /purchases
POST /purchases
GET /purchases/recommendations/low-stock
GET /purchases/recommendations/low-stock
GET /purchases/:id
GET /purchases/:id
POST /purchases/:id/cancel
POST /purchases/:id/cancel
POST /purchases/:id/receive
POST /purchases/:id/receive
POST /purchases/:id/receive
POST /purchases/:id/verify
POST /purchases/:id/verify
POST /purchases/:id/verify
DELETE /purchases/:id
DELETE /purchases/:id
GET /purchase-returns
GET /purchase-returns
GET /purchase-returns
GET /purchase-returns/:id
GET /purchase-returns/:id
GET /purchase-returns/:id
POST /purchase-returns
POST /purchase-returns
POST /purchase-returns
ALL /sales/*
GET /sales
GET /sales
GET /sales/:id
GET /sales/:id
POST /sales
POST /sales
POST /sales
GET /notifications/notifications
GET /notifications/notifications
POST /notifications/notifications/:id/read
POST /notifications/notifications/:id/read
POST /notifications/whatsapp/send
POST /notifications/whatsapp/send
POST /notifications/notifications/send
POST /notifications/notifications/send
POST /uploads
POST /uploads
ALL /users/*
GET /users
GET /users
GET /users/:id
GET /users/:id
POST /users
POST /users
PUT /users/:id
PUT /users/:id
DELETE /users/:id
DELETE /users/:id
GET /customers
GET /customers
GET /customers
GET /customers/:id
GET /customers/:id
GET /customers/:id
POST /customers
POST /customers
POST /customers
POST /customers
PATCH /customers/:id
PATCH /customers/:id
PATCH /customers/:id
PATCH /customers/:id
DELETE /customers/:id
DELETE /customers/:id
DELETE /customers/:id
GET /customers/:id/sales
GET /customers/:id/sales
GET /customers/:id/sales
GET /customers/:id/unpaid-sales
GET /customers/:id/unpaid-sales
GET /customers/:id/unpaid-sales
POST /customers/:id/payments
POST /customers/:id/payments
POST /customers/:id/payments
POST /customers/:id/payments
ALL /defective-items/*
GET /defective-items/pending
GET /defective-items/pending
GET /defective-items/processed
GET /defective-items/processed
POST /defective-items
POST /defective-items
POST /defective-items/process-return
POST /defective-items/process-return
ALL /reports/*
ALL /reports/*
GET /reports/summary
GET /reports/transactions
GET /reports/sales/summary
GET /reports/sales/transactions
GET /reports/services
GET /reports/services/stats
GET /reports/services/transactions
GET /reports/services/technicians
GET /reports/services/parts-usage
GET /reports/technicians
GET /reports/parts
GET /reports/purchases/summary
GET /reports/purchases/transactions
GET /reports/inventory/adjustments
GET /reports/logs
GET /reports/profit-loss
GET /reports/stock-value
GET /reports/kasir/daily
GET /reports/warehouse/low-stock
GET /approvals/pending
POST /approvals/request
POST /approvals/:id/action
ALL /settings/*
GET /settings/*
PUT /settings/*
POST /settings/*
GET /settings
GET /settings/payment-methods
PUT /settings/payment-methods
GET /settings/store-info
PUT /settings/store-info
GET /settings/receipt
PUT /settings/receipt
GET /settings/service
PUT /settings/service
GET /settings/whatsapp
PUT /settings/whatsapp
GET /settings/commission
PUT /settings/commission
GET /settings/account-mappings
PUT /settings/account-mappings
GET /settings/general
PUT /settings/general
GET /settings/tax
PUT /settings/tax
GET /settings/system
PUT /settings/system
POST /settings/reset
GET /settings/role-behavior
PUT /settings/role-behavior
GET /settings/:key
PUT /settings/:key
ALL /payment-methods/*
GET /payment-methods
GET /payment-methods
GET /payment-methods/enabled
GET /payment-methods/:id
GET /payment-methods/:id
POST /payment-methods
POST /payment-methods
PATCH /payment-methods/:id
PATCH /payment-methods/:id
DELETE /payment-methods/:id
DELETE /payment-methods/:id
POST /payment-methods/:id/variants
POST /payment-methods/:id/variants
PATCH /payment-methods/variants/:id
PATCH /payment-methods/variants/:id
DELETE /payment-methods/variants/:id
DELETE /payment-methods/variants/:id
ALL /payments/methods/*
GET /payments/methods
GET /payments/methods
GET /payments/methods/enabled
GET /payments/methods/:id
GET /payments/methods/:id
POST /payments/methods
POST /payments/methods
PATCH /payments/methods/:id
PATCH /payments/methods/:id
DELETE /payments/methods/:id
DELETE /payments/methods/:id
POST /payments/methods/:id/variants
POST /payments/methods/:id/variants
PATCH /payments/methods/variants/:id
PATCH /payments/methods/variants/:id
DELETE /payments/methods/variants/:id
DELETE /payments/methods/variants/:id
ALL /dashboard/*
GET /dashboard
GET /dashboard/activities
GET /dashboard/recent-services
GET /dashboard/urgent-services
GET /dashboard/technician
GET /dashboard/cashier
GET /dashboard/warehouse
GET /dashboard/profit-loss
GET /dashboard/stats
GET /dashboard/charts/sales
GET /dashboard/alerts/inventory
ALL /devices/*
POST /devices/scrape
POST /devices/scrape
POST /devices/scrape-list
POST /devices/scrape-list
POST /devices/import
POST /devices/import
GET /devices
GET /devices/unlinked
GET /devices/unlinked
GET /devices/:id
POST /devices
POST /devices
PUT /devices/:id
PUT /devices/:id
DELETE /devices/bulk
DELETE /devices/bulk
DELETE /devices/:id
DELETE /devices/:id
POST /devices/:id/sync
POST /devices/:id/sync
GET /brands
POST /brands
POST /brands
POST /brands
POST /brands
PATCH /brands/:id
PATCH /brands/:id
PATCH /brands/:id
PATCH /brands/:id
DELETE /brands/:id
DELETE /brands/:id
DELETE /brands/:id
ALL /service-tools/*
GET /service-tools
GET /service-tools/my
GET /service-tools/requests/my
GET /service-tools/requests/my
GET /service-tools/requests/all
GET /service-tools/requests
POST /service-tools
POST /service-tools
POST /service-tools/requests
POST /service-tools/requests
PUT /service-tools/:id
PUT /service-tools/:id
PATCH /service-tools/:id/condition
PATCH /service-tools/requests/:id/status
DELETE /service-tools/:id
DELETE /service-tools/:id
ALL /operational-costs/*
ALL /operational-costs/*
GET /operational-costs
POST /operational-costs
POST /operational-costs
DELETE /operational-costs/:id
ALL /accounting/*
ALL /accounting/*
GET /accounting/dashboard
GET /accounting/liabilities/summary
GET /accounting/liabilities/suppliers
GET /accounting/liabilities/expenses
GET /accounting/liabilities/commissions
POST /accounting/liabilities/expenses/:id/pay
GET /accounting/accounts
GET /accounting/accounts/tree
GET /accounting/accounts/shared/core/types
POST /accounting/accounts
POST /accounting/accounts
PATCH /accounting/accounts/:id
DELETE /accounting/accounts/:id
GET /accounting/journals
GET /accounting/journals/:id
GET /accounting/register/current
GET /accounting/register/status
POST /accounting/register/open
POST /accounting/register/close
POST /accounting/register/expense
GET /accounting/assets
POST /accounting/assets
GET /accounting/payables
GET /accounting/payables/summary
GET /accounting/payables/:id
POST /accounting/payables/:id/payments
GET /accounting/targets/today
GET /accounting/targets/:month
POST /accounting/targets/:month
GET /accounting/reports/gl
GET /accounting/reports/pl
GET /accounting/reports/balance-sheet
GET /accounting/audit-logs
POST /store-devices/register
POST /store-devices/register
GET /store-devices/:deviceId/status
GET /store-devices/:deviceId/status
POST /store-devices/:deviceId/ping
POST /store-devices/:deviceId/ping
GET /whatsapp/notifications
GET /whatsapp/notifications
POST /whatsapp/notifications/:id/read
POST /whatsapp/notifications/:id/read
POST /whatsapp/whatsapp/send
POST /whatsapp/whatsapp/send
POST /whatsapp/notifications/send
POST /whatsapp/notifications/send
-------------------------

[2026-03-01T08:01:30.775Z] Failed to retrieve products
{"name":"ResolveMessage","position":null,"message":"Cannot find module '../../shared/core/container' from 'C:\\Users\\Good\\Documents\\web\\coba\\apps\\backend\\src\\modules\\02-inventory\\products\\products-container.ts'","level":"error","specifier":"../../shared/core/container","importKind":"require-call","referrer":"C:\\Users\\Good\\Documents\\web\\coba\\apps\\backend\\src\\modules\\02-inventory\\products\\products-container.ts"}

[2026-03-01T08:02:07.532Z] Failed to retrieve products
{"name":"ResolveMessage","position":null,"message":"Cannot find module '../../shared/core/container' from 'C:\\Users\\Good\\Documents\\web\\coba\\apps\\backend\\src\\modules\\02-inventory\\products\\products-container.ts'","level":"error","specifier":"../../shared/core/container","importKind":"require-call","referrer":"C:\\Users\\Good\\Documents\\web\\coba\\apps\\backend\\src\\modules\\02-inventory\\products\\products-container.ts"}

[2026-03-01T08:02:11.634Z] Failed to retrieve products
{"name":"ResolveMessage","position":null,"message":"Cannot find module '../../shared/core/container' from 'C:\\Users\\Good\\Documents\\web\\coba\\apps\\backend\\src\\modules\\02-inventory\\products\\products-container.ts'","level":"error","specifier":"../../shared/core/container","importKind":"require-call","referrer":"C:\\Users\\Good\\Documents\\web\\coba\\apps\\backend\\src\\modules\\02-inventory\\products\\products-container.ts"}

[2026-03-01T08:02:34.375Z] Failed to retrieve products
{"name":"ResolveMessage","position":null,"message":"Cannot find module '../../shared/core/container' from 'C:\\Users\\Good\\Documents\\web\\coba\\apps\\backend\\src\\modules\\02-inventory\\products\\products-container.ts'","level":"error","specifier":"../../shared/core/container","importKind":"require-call","referrer":"C:\\Users\\Good\\Documents\\web\\coba\\apps\\backend\\src\\modules\\02-inventory\\products\\products-container.ts"}

[2026-03-01T08:06:01.516Z] APP_NOT_FOUND: GET /defective-items

[2026-03-01T08:06:02.553Z] APP_NOT_FOUND: GET /defective-items

[2026-03-01T08:06:50.100Z] APP_NOT_FOUND: GET /approvals/history

[2026-03-01T08:06:50.215Z] APP_NOT_FOUND: GET /approvals/stats

[2026-03-01T08:07:29.128Z] Failed to retrieve products
{"name":"ResolveMessage","position":null,"message":"Cannot find module '../../shared/core/container' from 'C:\\Users\\Good\\Documents\\web\\coba\\apps\\backend\\src\\modules\\02-inventory\\products\\products-container.ts'","level":"error","specifier":"../../shared/core/container","importKind":"require-call","referrer":"C:\\Users\\Good\\Documents\\web\\coba\\apps\\backend\\src\\modules\\02-inventory\\products\\products-container.ts"}

[2026-03-01T08:07:56.070Z] Failed to retrieve products
{"name":"ResolveMessage","position":null,"message":"Cannot find module '../../shared/core/container' from 'C:\\Users\\Good\\Documents\\web\\coba\\apps\\backend\\src\\modules\\02-inventory\\products\\products-container.ts'","level":"error","specifier":"../../shared/core/container","importKind":"require-call","referrer":"C:\\Users\\Good\\Documents\\web\\coba\\apps\\backend\\src\\modules\\02-inventory\\products\\products-container.ts"}

--- REGISTERED ROUTES ---
GET /api-docs/spec
ALL /*
ALL /*
ALL /*
ALL /*
ALL /uploads/*
GET /api-docs/docs
POST /auth/login
POST /auth/logout
POST /auth/switch-role
POST /auth/switch-role
GET /auth/me
GET /auth/me
GET /auth/roles
GET /auth/roles
ALL /products/*
GET /products/stats
GET /products/searchproduct
GET /products/searchproduct
GET /products/categories/:id/product-count
GET /products/categories/:id/product-count
GET /products
GET /products/suppliers/:id/variants
GET /products/suppliers/:id/variants
GET /products/batches
GET /products/batches
GET /products/:id/variants
GET /products/:id/variants
GET /products/:id/variants
GET /products/:id
GET /products/:id
ALL /products
ALL /products/:id
ALL /products/variants
ALL /products/variants/:id
ALL /products/bulk-min-stock
ALL /products/print-label
POST /products
POST /products
PUT /products/:id
PUT /products/:id
PUT /products/:id
DELETE /products/:id
DELETE /products/:id
POST /products/variants
POST /products/variants
PUT /products/variants/:id
PUT /products/variants/:id
PUT /products/variants/:id
DELETE /products/variants/:id
DELETE /products/variants/:id
PATCH /products/bulk-min-stock
PATCH /products/bulk-min-stock
POST /products/print-label
POST /products/print-label
ALL /inventory/*
GET /inventory/stats
GET /inventory/searchproduct
GET /inventory/searchproduct
GET /inventory/categories/:id/product-count
GET /inventory/categories/:id/product-count
GET /inventory
GET /inventory/suppliers/:id/variants
GET /inventory/suppliers/:id/variants
GET /inventory/batches
GET /inventory/batches
GET /inventory/:id/variants
GET /inventory/:id/variants
GET /inventory/:id/variants
GET /inventory/:id
GET /inventory/:id
ALL /inventory
ALL /inventory/:id
ALL /inventory/variants
ALL /inventory/variants/:id
ALL /inventory/bulk-min-stock
ALL /inventory/print-label
POST /inventory
POST /inventory
PUT /inventory/:id
PUT /inventory/:id
PUT /inventory/:id
DELETE /inventory/:id
DELETE /inventory/:id
POST /inventory/variants
POST /inventory/variants
PUT /inventory/variants/:id
PUT /inventory/variants/:id
PUT /inventory/variants/:id
DELETE /inventory/variants/:id
DELETE /inventory/variants/:id
PATCH /inventory/bulk-min-stock
PATCH /inventory/bulk-min-stock
POST /inventory/print-label
POST /inventory/print-label
ALL /inventory/*
ALL /inventory/opname/*
GET /inventory/opname/sessions
GET /inventory/opname/adjustment-history
POST /inventory/opname/sessions
POST /inventory/opname/sessions
GET /inventory/opname/sessions/:id
GET /inventory/opname/sessions/:id
PUT /inventory/opname/items/:itemId
PUT /inventory/opname/items/:itemId
PUT /inventory/opname/items/:itemId
POST /inventory/opname/sessions/:id/finalize
POST /inventory/opname/sessions/:id/finalize
POST /inventory/opname/sessions/:id/cancel
POST /inventory/opname/sessions/:id/cancel
GET /inventory/gambling/dead-phones
POST /inventory/gambling/dead-phones
POST /inventory/gambling/test-logs
GET /inventory/kanibal/forfeited-devices
POST /inventory/kanibal/forfeit
POST /inventory/kanibal/harvest
ALL /categories/*
GET /categories
POST /categories
POST /categories
POST /categories
PUT /categories/:id
PUT /categories/:id
PUT /categories/:id
DELETE /categories/:id
DELETE /categories/:id
POST /categories/:id/variants
POST /categories/:id/variants
POST /categories/:id/variants
DELETE /categories/variants/:variantId
DELETE /categories/variants/:variantId
ALL /service/*
GET /service
GET /service/counts
GET /service/dashboard/stats
GET /service/:id
GET /service/:id/print
POST /service
POST /service
POST /service/:id/assign
PUT /service/:id/status
PUT /service/:id/details
PATCH /service/:id
DELETE /service/:id
ALL /service-categories/*
GET /service-categories
POST /service-categories
GET /service-categories/:id
PUT /service-categories/:id
DELETE /service-categories/:id
ALL /service-types/*
GET /service-types
POST /service-types
GET /service-types/:id
PUT /service-types/:id
DELETE /service-types/:id
ALL /service-items/*
POST /service-items
POST /service-items/:id/parts
PUT /service-items/:id/complete
ALL /commissions/*
GET /commissions/settings/:technicianId
PUT /commissions/settings/:technicianId
GET /commissions/summary/:technicianId
POST /commissions/mark-paid
ALL /suppliers/*
GET /suppliers
GET /suppliers/:id/categories
POST /suppliers
POST /suppliers
POST /suppliers
PUT /suppliers/:id
PUT /suppliers/:id
PUT /suppliers/:id
DELETE /suppliers/:id
DELETE /suppliers/:id
POST /suppliers/:id/categories
POST /suppliers/:id/categories
POST /suppliers/:id/categories
DELETE /suppliers/:id/categories/:categoryId
DELETE /suppliers/:id/categories/:categoryId
GET /suppliers/:id/product-variants
GET /suppliers/:id/product-variants
POST /suppliers/:id/product-variants
POST /suppliers/:id/product-variants
POST /suppliers/:id/product-variants
DELETE /suppliers/:id/product-variants/:productId
DELETE /suppliers/:id/product-variants/:productId
ALL /purchases/*
GET /purchases
GET /purchases
POST /purchases
POST /purchases
POST /purchases
GET /purchases/recommendations/low-stock
GET /purchases/recommendations/low-stock
GET /purchases/:id
GET /purchases/:id
POST /purchases/:id/cancel
POST /purchases/:id/cancel
POST /purchases/:id/receive
POST /purchases/:id/receive
POST /purchases/:id/receive
POST /purchases/:id/verify
POST /purchases/:id/verify
POST /purchases/:id/verify
DELETE /purchases/:id
DELETE /purchases/:id
GET /purchase-returns
GET /purchase-returns
GET /purchase-returns
GET /purchase-returns/:id
GET /purchase-returns/:id
GET /purchase-returns/:id
POST /purchase-returns
POST /purchase-returns
POST /purchase-returns
ALL /sales/*
GET /sales
GET /sales
GET /sales/:id
GET /sales/:id
POST /sales
POST /sales
POST /sales
GET /notifications/notifications
GET /notifications/notifications
POST /notifications/notifications/:id/read
POST /notifications/notifications/:id/read
POST /notifications/whatsapp/send
POST /notifications/whatsapp/send
POST /notifications/notifications/send
POST /notifications/notifications/send
POST /uploads
POST /uploads
ALL /users/*
GET /users
GET /users
GET /users/:id
GET /users/:id
POST /users
POST /users
PUT /users/:id
PUT /users/:id
DELETE /users/:id
DELETE /users/:id
GET /customers
GET /customers
GET /customers
GET /customers/:id
GET /customers/:id
GET /customers/:id
POST /customers
POST /customers
POST /customers
POST /customers
PATCH /customers/:id
PATCH /customers/:id
PATCH /customers/:id
PATCH /customers/:id
DELETE /customers/:id
DELETE /customers/:id
DELETE /customers/:id
GET /customers/:id/sales
GET /customers/:id/sales
GET /customers/:id/sales
GET /customers/:id/unpaid-sales
GET /customers/:id/unpaid-sales
GET /customers/:id/unpaid-sales
POST /customers/:id/payments
POST /customers/:id/payments
POST /customers/:id/payments
POST /customers/:id/payments
ALL /defective-items/*
GET /defective-items/pending
GET /defective-items/pending
GET /defective-items/processed
GET /defective-items/processed
POST /defective-items
POST /defective-items
POST /defective-items/process-return
POST /defective-items/process-return
ALL /reports/*
ALL /reports/*
GET /reports/summary
GET /reports/transactions
GET /reports/sales/summary
GET /reports/sales/transactions
GET /reports/services
GET /reports/services/stats
GET /reports/services/transactions
GET /reports/services/technicians
GET /reports/services/parts-usage
GET /reports/technicians
GET /reports/parts
GET /reports/purchases/summary
GET /reports/purchases/transactions
GET /reports/inventory/adjustments
GET /reports/logs
GET /reports/profit-loss
GET /reports/stock-value
GET /reports/kasir/daily
GET /reports/warehouse/low-stock
GET /approvals/pending
POST /approvals/request
POST /approvals/:id/action
ALL /settings/*
GET /settings/*
PUT /settings/*
POST /settings/*
GET /settings
GET /settings/payment-methods
PUT /settings/payment-methods
GET /settings/store-info
PUT /settings/store-info
GET /settings/receipt
PUT /settings/receipt
GET /settings/service
PUT /settings/service
GET /settings/whatsapp
PUT /settings/whatsapp
GET /settings/commission
PUT /settings/commission
GET /settings/account-mappings
PUT /settings/account-mappings
GET /settings/general
PUT /settings/general
GET /settings/tax
PUT /settings/tax
GET /settings/system
PUT /settings/system
POST /settings/reset
GET /settings/role-behavior
PUT /settings/role-behavior
GET /settings/:key
PUT /settings/:key
ALL /payment-methods/*
GET /payment-methods
GET /payment-methods
GET /payment-methods/enabled
GET /payment-methods/:id
GET /payment-methods/:id
POST /payment-methods
POST /payment-methods
PATCH /payment-methods/:id
PATCH /payment-methods/:id
DELETE /payment-methods/:id
DELETE /payment-methods/:id
POST /payment-methods/:id/variants
POST /payment-methods/:id/variants
PATCH /payment-methods/variants/:id
PATCH /payment-methods/variants/:id
DELETE /payment-methods/variants/:id
DELETE /payment-methods/variants/:id
ALL /payments/methods/*
GET /payments/methods
GET /payments/methods
GET /payments/methods/enabled
GET /payments/methods/:id
GET /payments/methods/:id
POST /payments/methods
POST /payments/methods
PATCH /payments/methods/:id
PATCH /payments/methods/:id
DELETE /payments/methods/:id
DELETE /payments/methods/:id
POST /payments/methods/:id/variants
POST /payments/methods/:id/variants
PATCH /payments/methods/variants/:id
PATCH /payments/methods/variants/:id
DELETE /payments/methods/variants/:id
DELETE /payments/methods/variants/:id
ALL /dashboard/*
GET /dashboard
GET /dashboard/activities
GET /dashboard/recent-services
GET /dashboard/urgent-services
GET /dashboard/technician
GET /dashboard/cashier
GET /dashboard/warehouse
GET /dashboard/profit-loss
GET /dashboard/stats
GET /dashboard/charts/sales
GET /dashboard/alerts/inventory
ALL /devices/*
POST /devices/scrape
POST /devices/scrape
POST /devices/scrape-list
POST /devices/scrape-list
POST /devices/import
POST /devices/import
GET /devices
GET /devices/unlinked
GET /devices/unlinked
GET /devices/:id
POST /devices
POST /devices
PUT /devices/:id
PUT /devices/:id
DELETE /devices/bulk
DELETE /devices/bulk
DELETE /devices/:id
DELETE /devices/:id
POST /devices/:id/sync
POST /devices/:id/sync
GET /brands
POST /brands
POST /brands
POST /brands
POST /brands
PATCH /brands/:id
PATCH /brands/:id
PATCH /brands/:id
PATCH /brands/:id
DELETE /brands/:id
DELETE /brands/:id
DELETE /brands/:id
ALL /service-tools/*
GET /service-tools
GET /service-tools/my
GET /service-tools/requests/my
GET /service-tools/requests/my
GET /service-tools/requests/all
GET /service-tools/requests
POST /service-tools
POST /service-tools
POST /service-tools/requests
POST /service-tools/requests
PUT /service-tools/:id
PUT /service-tools/:id
PATCH /service-tools/:id/condition
PATCH /service-tools/requests/:id/status
DELETE /service-tools/:id
DELETE /service-tools/:id
ALL /operational-costs/*
ALL /operational-costs/*
GET /operational-costs
POST /operational-costs
POST /operational-costs
DELETE /operational-costs/:id
ALL /accounting/*
ALL /accounting/*
GET /accounting/dashboard
GET /accounting/liabilities/summary
GET /accounting/liabilities/suppliers
GET /accounting/liabilities/expenses
GET /accounting/liabilities/commissions
POST /accounting/liabilities/expenses/:id/pay
GET /accounting/accounts
GET /accounting/accounts/tree
GET /accounting/accounts/shared/core/types
POST /accounting/accounts
POST /accounting/accounts
PATCH /accounting/accounts/:id
DELETE /accounting/accounts/:id
GET /accounting/journals
GET /accounting/journals/:id
GET /accounting/register/current
GET /accounting/register/status
POST /accounting/register/open
POST /accounting/register/close
POST /accounting/register/expense
GET /accounting/assets
POST /accounting/assets
GET /accounting/payables
GET /accounting/payables/summary
GET /accounting/payables/:id
POST /accounting/payables/:id/payments
GET /accounting/targets/today
GET /accounting/targets/:month
POST /accounting/targets/:month
GET /accounting/reports/gl
GET /accounting/reports/pl
GET /accounting/reports/balance-sheet
GET /accounting/audit-logs
POST /store-devices/register
POST /store-devices/register
GET /store-devices/:deviceId/status
GET /store-devices/:deviceId/status
POST /store-devices/:deviceId/ping
POST /store-devices/:deviceId/ping
GET /whatsapp/notifications
GET /whatsapp/notifications
POST /whatsapp/notifications/:id/read
POST /whatsapp/notifications/:id/read
POST /whatsapp/whatsapp/send
POST /whatsapp/whatsapp/send
POST /whatsapp/notifications/send
POST /whatsapp/notifications/send
-------------------------

--- REGISTERED ROUTES ---
GET /api-docs/spec
ALL /*
ALL /*
ALL /*
ALL /*
ALL /uploads/*
GET /api-docs/docs
POST /auth/login
POST /auth/logout
POST /auth/switch-role
POST /auth/switch-role
GET /auth/me
GET /auth/me
GET /auth/roles
GET /auth/roles
ALL /products/*
GET /products/stats
GET /products/searchproduct
GET /products/searchproduct
GET /products/categories/:id/product-count
GET /products/categories/:id/product-count
GET /products
GET /products/suppliers/:id/variants
GET /products/suppliers/:id/variants
GET /products/batches
GET /products/batches
GET /products/:id/variants
GET /products/:id/variants
GET /products/:id/variants
GET /products/:id
GET /products/:id
ALL /products
ALL /products/:id
ALL /products/variants
ALL /products/variants/:id
ALL /products/bulk-min-stock
ALL /products/print-label
POST /products
POST /products
PUT /products/:id
PUT /products/:id
PUT /products/:id
DELETE /products/:id
DELETE /products/:id
POST /products/variants
POST /products/variants
PUT /products/variants/:id
PUT /products/variants/:id
PUT /products/variants/:id
DELETE /products/variants/:id
DELETE /products/variants/:id
PATCH /products/bulk-min-stock
PATCH /products/bulk-min-stock
POST /products/print-label
POST /products/print-label
ALL /inventory/*
GET /inventory/stats
GET /inventory/searchproduct
GET /inventory/searchproduct
GET /inventory/categories/:id/product-count
GET /inventory/categories/:id/product-count
GET /inventory
GET /inventory/suppliers/:id/variants
GET /inventory/suppliers/:id/variants
GET /inventory/batches
GET /inventory/batches
GET /inventory/:id/variants
GET /inventory/:id/variants
GET /inventory/:id/variants
GET /inventory/:id
GET /inventory/:id
ALL /inventory
ALL /inventory/:id
ALL /inventory/variants
ALL /inventory/variants/:id
ALL /inventory/bulk-min-stock
ALL /inventory/print-label
POST /inventory
POST /inventory
PUT /inventory/:id
PUT /inventory/:id
PUT /inventory/:id
DELETE /inventory/:id
DELETE /inventory/:id
POST /inventory/variants
POST /inventory/variants
PUT /inventory/variants/:id
PUT /inventory/variants/:id
PUT /inventory/variants/:id
DELETE /inventory/variants/:id
DELETE /inventory/variants/:id
PATCH /inventory/bulk-min-stock
PATCH /inventory/bulk-min-stock
POST /inventory/print-label
POST /inventory/print-label
ALL /inventory/*
ALL /inventory/opname/*
GET /inventory/opname/sessions
GET /inventory/opname/adjustment-history
POST /inventory/opname/sessions
POST /inventory/opname/sessions
GET /inventory/opname/sessions/:id
GET /inventory/opname/sessions/:id
PUT /inventory/opname/items/:itemId
PUT /inventory/opname/items/:itemId
PUT /inventory/opname/items/:itemId
POST /inventory/opname/sessions/:id/finalize
POST /inventory/opname/sessions/:id/finalize
POST /inventory/opname/sessions/:id/cancel
POST /inventory/opname/sessions/:id/cancel
GET /inventory/gambling/dead-phones
POST /inventory/gambling/dead-phones
POST /inventory/gambling/test-logs
GET /inventory/kanibal/forfeited-devices
POST /inventory/kanibal/forfeit
POST /inventory/kanibal/harvest
ALL /categories/*
GET /categories
POST /categories
POST /categories
POST /categories
PUT /categories/:id
PUT /categories/:id
PUT /categories/:id
DELETE /categories/:id
DELETE /categories/:id
POST /categories/:id/variants
POST /categories/:id/variants
POST /categories/:id/variants
DELETE /categories/variants/:variantId
DELETE /categories/variants/:variantId
ALL /service/*
GET /service
GET /service/counts
GET /service/dashboard/stats
GET /service/:id
GET /service/:id/print
POST /service
POST /service
POST /service/:id/assign
PUT /service/:id/status
PUT /service/:id/details
PATCH /service/:id
DELETE /service/:id
ALL /service-categories/*
GET /service-categories
POST /service-categories
GET /service-categories/:id
PUT /service-categories/:id
DELETE /service-categories/:id
ALL /service-types/*
GET /service-types
POST /service-types
GET /service-types/:id
PUT /service-types/:id
DELETE /service-types/:id
ALL /service-items/*
POST /service-items
POST /service-items/:id/parts
PUT /service-items/:id/complete
ALL /commissions/*
GET /commissions/settings/:technicianId
PUT /commissions/settings/:technicianId
GET /commissions/summary/:technicianId
POST /commissions/mark-paid
ALL /suppliers/*
GET /suppliers
GET /suppliers/:id/categories
POST /suppliers
POST /suppliers
POST /suppliers
PUT /suppliers/:id
PUT /suppliers/:id
PUT /suppliers/:id
DELETE /suppliers/:id
DELETE /suppliers/:id
POST /suppliers/:id/categories
POST /suppliers/:id/categories
POST /suppliers/:id/categories
DELETE /suppliers/:id/categories/:categoryId
DELETE /suppliers/:id/categories/:categoryId
GET /suppliers/:id/product-variants
GET /suppliers/:id/product-variants
POST /suppliers/:id/product-variants
POST /suppliers/:id/product-variants
POST /suppliers/:id/product-variants
DELETE /suppliers/:id/product-variants/:productId
DELETE /suppliers/:id/product-variants/:productId
ALL /purchases/*
GET /purchases
GET /purchases
POST /purchases
POST /purchases
POST /purchases
GET /purchases/recommendations/low-stock
GET /purchases/recommendations/low-stock
GET /purchases/:id
GET /purchases/:id
POST /purchases/:id/cancel
POST /purchases/:id/cancel
POST /purchases/:id/receive
POST /purchases/:id/receive
POST /purchases/:id/receive
POST /purchases/:id/verify
POST /purchases/:id/verify
POST /purchases/:id/verify
DELETE /purchases/:id
DELETE /purchases/:id
GET /purchase-returns
GET /purchase-returns
GET /purchase-returns
GET /purchase-returns/:id
GET /purchase-returns/:id
GET /purchase-returns/:id
POST /purchase-returns
POST /purchase-returns
POST /purchase-returns
ALL /sales/*
GET /sales
GET /sales
GET /sales/:id
GET /sales/:id
POST /sales
POST /sales
POST /sales
GET /notifications/notifications
GET /notifications/notifications
POST /notifications/notifications/:id/read
POST /notifications/notifications/:id/read
POST /notifications/whatsapp/send
POST /notifications/whatsapp/send
POST /notifications/notifications/send
POST /notifications/notifications/send
POST /uploads
POST /uploads
ALL /users/*
GET /users
GET /users
GET /users/:id
GET /users/:id
POST /users
POST /users
PUT /users/:id
PUT /users/:id
DELETE /users/:id
DELETE /users/:id
GET /customers
GET /customers
GET /customers
GET /customers/:id
GET /customers/:id
GET /customers/:id
POST /customers
POST /customers
POST /customers
POST /customers
PATCH /customers/:id
PATCH /customers/:id
PATCH /customers/:id
PATCH /customers/:id
DELETE /customers/:id
DELETE /customers/:id
DELETE /customers/:id
GET /customers/:id/sales
GET /customers/:id/sales
GET /customers/:id/sales
GET /customers/:id/unpaid-sales
GET /customers/:id/unpaid-sales
GET /customers/:id/unpaid-sales
POST /customers/:id/payments
POST /customers/:id/payments
POST /customers/:id/payments
POST /customers/:id/payments
ALL /defective-items/*
GET /defective-items/pending
GET /defective-items/pending
GET /defective-items/processed
GET /defective-items/processed
POST /defective-items
POST /defective-items
POST /defective-items/process-return
POST /defective-items/process-return
ALL /reports/*
ALL /reports/*
GET /reports/summary
GET /reports/transactions
GET /reports/sales/summary
GET /reports/sales/transactions
GET /reports/services
GET /reports/services/stats
GET /reports/services/transactions
GET /reports/services/technicians
GET /reports/services/parts-usage
GET /reports/technicians
GET /reports/parts
GET /reports/purchases/summary
GET /reports/purchases/transactions
GET /reports/inventory/adjustments
GET /reports/logs
GET /reports/profit-loss
GET /reports/stock-value
GET /reports/kasir/daily
GET /reports/warehouse/low-stock
GET /approvals/pending
POST /approvals/request
POST /approvals/:id/action
ALL /settings/*
GET /settings/*
PUT /settings/*
POST /settings/*
GET /settings
GET /settings/payment-methods
PUT /settings/payment-methods
GET /settings/store-info
PUT /settings/store-info
GET /settings/receipt
PUT /settings/receipt
GET /settings/service
PUT /settings/service
GET /settings/whatsapp
PUT /settings/whatsapp
GET /settings/commission
PUT /settings/commission
GET /settings/account-mappings
PUT /settings/account-mappings
GET /settings/general
PUT /settings/general
GET /settings/tax
PUT /settings/tax
GET /settings/system
PUT /settings/system
POST /settings/reset
GET /settings/role-behavior
PUT /settings/role-behavior
GET /settings/:key
PUT /settings/:key
ALL /payment-methods/*
GET /payment-methods
GET /payment-methods
GET /payment-methods/enabled
GET /payment-methods/:id
GET /payment-methods/:id
POST /payment-methods
POST /payment-methods
PATCH /payment-methods/:id
PATCH /payment-methods/:id
DELETE /payment-methods/:id
DELETE /payment-methods/:id
POST /payment-methods/:id/variants
POST /payment-methods/:id/variants
PATCH /payment-methods/variants/:id
PATCH /payment-methods/variants/:id
DELETE /payment-methods/variants/:id
DELETE /payment-methods/variants/:id
ALL /payments/methods/*
GET /payments/methods
GET /payments/methods
GET /payments/methods/enabled
GET /payments/methods/:id
GET /payments/methods/:id
POST /payments/methods
POST /payments/methods
PATCH /payments/methods/:id
PATCH /payments/methods/:id
DELETE /payments/methods/:id
DELETE /payments/methods/:id
POST /payments/methods/:id/variants
POST /payments/methods/:id/variants
PATCH /payments/methods/variants/:id
PATCH /payments/methods/variants/:id
DELETE /payments/methods/variants/:id
DELETE /payments/methods/variants/:id
ALL /dashboard/*
GET /dashboard
GET /dashboard/activities
GET /dashboard/recent-services
GET /dashboard/urgent-services
GET /dashboard/technician
GET /dashboard/cashier
GET /dashboard/warehouse
GET /dashboard/profit-loss
GET /dashboard/stats
GET /dashboard/charts/sales
GET /dashboard/alerts/inventory
ALL /devices/*
POST /devices/scrape
POST /devices/scrape
POST /devices/scrape-list
POST /devices/scrape-list
POST /devices/import
POST /devices/import
GET /devices
GET /devices/unlinked
GET /devices/unlinked
GET /devices/:id
POST /devices
POST /devices
PUT /devices/:id
PUT /devices/:id
DELETE /devices/bulk
DELETE /devices/bulk
DELETE /devices/:id
DELETE /devices/:id
POST /devices/:id/sync
POST /devices/:id/sync
GET /brands
POST /brands
POST /brands
POST /brands
POST /brands
PATCH /brands/:id
PATCH /brands/:id
PATCH /brands/:id
PATCH /brands/:id
DELETE /brands/:id
DELETE /brands/:id
DELETE /brands/:id
ALL /service-tools/*
GET /service-tools
GET /service-tools/my
GET /service-tools/requests/my
GET /service-tools/requests/my
GET /service-tools/requests/all
GET /service-tools/requests
POST /service-tools
POST /service-tools
POST /service-tools/requests
POST /service-tools/requests
PUT /service-tools/:id
PUT /service-tools/:id
PATCH /service-tools/:id/condition
PATCH /service-tools/requests/:id/status
DELETE /service-tools/:id
DELETE /service-tools/:id
ALL /operational-costs/*
ALL /operational-costs/*
GET /operational-costs
POST /operational-costs
POST /operational-costs
DELETE /operational-costs/:id
ALL /accounting/*
ALL /accounting/*
GET /accounting/dashboard
GET /accounting/liabilities/summary
GET /accounting/liabilities/suppliers
GET /accounting/liabilities/expenses
GET /accounting/liabilities/commissions
POST /accounting/liabilities/expenses/:id/pay
GET /accounting/accounts
GET /accounting/accounts/tree
GET /accounting/accounts/shared/core/types
POST /accounting/accounts
POST /accounting/accounts
PATCH /accounting/accounts/:id
DELETE /accounting/accounts/:id
GET /accounting/journals
GET /accounting/journals/:id
GET /accounting/register/current
GET /accounting/register/status
POST /accounting/register/open
POST /accounting/register/close
POST /accounting/register/expense
GET /accounting/assets
POST /accounting/assets
GET /accounting/payables
GET /accounting/payables/summary
GET /accounting/payables/:id
POST /accounting/payables/:id/payments
GET /accounting/targets/today
GET /accounting/targets/:month
POST /accounting/targets/:month
GET /accounting/reports/gl
GET /accounting/reports/pl
GET /accounting/reports/balance-sheet
GET /accounting/audit-logs
POST /store-devices/register
POST /store-devices/register
GET /store-devices/:deviceId/status
GET /store-devices/:deviceId/status
POST /store-devices/:deviceId/ping
POST /store-devices/:deviceId/ping
GET /whatsapp/notifications
GET /whatsapp/notifications
POST /whatsapp/notifications/:id/read
POST /whatsapp/notifications/:id/read
POST /whatsapp/whatsapp/send
POST /whatsapp/whatsapp/send
POST /whatsapp/notifications/send
POST /whatsapp/notifications/send
-------------------------

--- REGISTERED ROUTES ---
GET /api-docs/spec
ALL /*
ALL /*
ALL /*
ALL /*
ALL /uploads/*
GET /api-docs/docs
POST /auth/login
POST /auth/logout
POST /auth/switch-role
POST /auth/switch-role
GET /auth/me
GET /auth/me
GET /auth/roles
GET /auth/roles
ALL /products/*
GET /products/stats
GET /products/searchproduct
GET /products/searchproduct
GET /products/categories/:id/product-count
GET /products/categories/:id/product-count
GET /products
GET /products/suppliers/:id/variants
GET /products/suppliers/:id/variants
GET /products/batches
GET /products/batches
GET /products/:id/variants
GET /products/:id/variants
GET /products/:id/variants
GET /products/:id
GET /products/:id
ALL /products
ALL /products/:id
ALL /products/variants
ALL /products/variants/:id
ALL /products/bulk-min-stock
ALL /products/print-label
POST /products
POST /products
PUT /products/:id
PUT /products/:id
PUT /products/:id
DELETE /products/:id
DELETE /products/:id
POST /products/variants
POST /products/variants
PUT /products/variants/:id
PUT /products/variants/:id
PUT /products/variants/:id
DELETE /products/variants/:id
DELETE /products/variants/:id
PATCH /products/bulk-min-stock
PATCH /products/bulk-min-stock
POST /products/print-label
POST /products/print-label
ALL /inventory/*
GET /inventory/stats
GET /inventory/searchproduct
GET /inventory/searchproduct
GET /inventory/categories/:id/product-count
GET /inventory/categories/:id/product-count
GET /inventory
GET /inventory/suppliers/:id/variants
GET /inventory/suppliers/:id/variants
GET /inventory/batches
GET /inventory/batches
GET /inventory/:id/variants
GET /inventory/:id/variants
GET /inventory/:id/variants
GET /inventory/:id
GET /inventory/:id
ALL /inventory
ALL /inventory/:id
ALL /inventory/variants
ALL /inventory/variants/:id
ALL /inventory/bulk-min-stock
ALL /inventory/print-label
POST /inventory
POST /inventory
PUT /inventory/:id
PUT /inventory/:id
PUT /inventory/:id
DELETE /inventory/:id
DELETE /inventory/:id
POST /inventory/variants
POST /inventory/variants
PUT /inventory/variants/:id
PUT /inventory/variants/:id
PUT /inventory/variants/:id
DELETE /inventory/variants/:id
DELETE /inventory/variants/:id
PATCH /inventory/bulk-min-stock
PATCH /inventory/bulk-min-stock
POST /inventory/print-label
POST /inventory/print-label
ALL /inventory/*
ALL /inventory/opname/*
GET /inventory/opname/sessions
GET /inventory/opname/adjustment-history
POST /inventory/opname/sessions
POST /inventory/opname/sessions
GET /inventory/opname/sessions/:id
GET /inventory/opname/sessions/:id
PUT /inventory/opname/items/:itemId
PUT /inventory/opname/items/:itemId
PUT /inventory/opname/items/:itemId
POST /inventory/opname/sessions/:id/finalize
POST /inventory/opname/sessions/:id/finalize
POST /inventory/opname/sessions/:id/cancel
POST /inventory/opname/sessions/:id/cancel
GET /inventory/gambling/dead-phones
POST /inventory/gambling/dead-phones
POST /inventory/gambling/test-logs
GET /inventory/kanibal/forfeited-devices
POST /inventory/kanibal/forfeit
POST /inventory/kanibal/harvest
ALL /categories/*
GET /categories
POST /categories
POST /categories
POST /categories
PUT /categories/:id
PUT /categories/:id
PUT /categories/:id
DELETE /categories/:id
DELETE /categories/:id
POST /categories/:id/variants
POST /categories/:id/variants
POST /categories/:id/variants
DELETE /categories/variants/:variantId
DELETE /categories/variants/:variantId
ALL /service/*
GET /service
GET /service/counts
GET /service/dashboard/stats
GET /service/:id
GET /service/:id/print
POST /service
POST /service
POST /service/:id/assign
PUT /service/:id/status
PUT /service/:id/details
PATCH /service/:id
DELETE /service/:id
ALL /service-categories/*
GET /service-categories
POST /service-categories
GET /service-categories/:id
PUT /service-categories/:id
DELETE /service-categories/:id
ALL /service-types/*
GET /service-types
POST /service-types
GET /service-types/:id
PUT /service-types/:id
DELETE /service-types/:id
ALL /service-items/*
POST /service-items
POST /service-items/:id/parts
PUT /service-items/:id/complete
ALL /commissions/*
GET /commissions/settings/:technicianId
PUT /commissions/settings/:technicianId
GET /commissions/summary/:technicianId
POST /commissions/mark-paid
ALL /suppliers/*
GET /suppliers
GET /suppliers/:id/categories
POST /suppliers
POST /suppliers
POST /suppliers
PUT /suppliers/:id
PUT /suppliers/:id
PUT /suppliers/:id
DELETE /suppliers/:id
DELETE /suppliers/:id
POST /suppliers/:id/categories
POST /suppliers/:id/categories
POST /suppliers/:id/categories
DELETE /suppliers/:id/categories/:categoryId
DELETE /suppliers/:id/categories/:categoryId
GET /suppliers/:id/product-variants
GET /suppliers/:id/product-variants
POST /suppliers/:id/product-variants
POST /suppliers/:id/product-variants
POST /suppliers/:id/product-variants
DELETE /suppliers/:id/product-variants/:productId
DELETE /suppliers/:id/product-variants/:productId
ALL /purchases/*
GET /purchases
GET /purchases
POST /purchases
POST /purchases
POST /purchases
GET /purchases/recommendations/low-stock
GET /purchases/recommendations/low-stock
GET /purchases/:id
GET /purchases/:id
POST /purchases/:id/cancel
POST /purchases/:id/cancel
POST /purchases/:id/receive
POST /purchases/:id/receive
POST /purchases/:id/receive
POST /purchases/:id/verify
POST /purchases/:id/verify
POST /purchases/:id/verify
DELETE /purchases/:id
DELETE /purchases/:id
GET /purchase-returns
GET /purchase-returns
GET /purchase-returns
GET /purchase-returns/:id
GET /purchase-returns/:id
GET /purchase-returns/:id
POST /purchase-returns
POST /purchase-returns
POST /purchase-returns
ALL /sales/*
GET /sales
GET /sales
GET /sales/:id
GET /sales/:id
POST /sales
POST /sales
POST /sales
GET /notifications/notifications
GET /notifications/notifications
POST /notifications/notifications/:id/read
POST /notifications/notifications/:id/read
POST /notifications/whatsapp/send
POST /notifications/whatsapp/send
POST /notifications/notifications/send
POST /notifications/notifications/send
POST /uploads
POST /uploads
ALL /users/*
GET /users
GET /users
GET /users/:id
GET /users/:id
POST /users
POST /users
PUT /users/:id
PUT /users/:id
DELETE /users/:id
DELETE /users/:id
GET /customers
GET /customers
GET /customers
GET /customers/:id
GET /customers/:id
GET /customers/:id
POST /customers
POST /customers
POST /customers
POST /customers
PATCH /customers/:id
PATCH /customers/:id
PATCH /customers/:id
PATCH /customers/:id
DELETE /customers/:id
DELETE /customers/:id
DELETE /customers/:id
GET /customers/:id/sales
GET /customers/:id/sales
GET /customers/:id/sales
GET /customers/:id/unpaid-sales
GET /customers/:id/unpaid-sales
GET /customers/:id/unpaid-sales
POST /customers/:id/payments
POST /customers/:id/payments
POST /customers/:id/payments
POST /customers/:id/payments
ALL /defective-items/*
GET /defective-items/pending
GET /defective-items/pending
GET /defective-items/processed
GET /defective-items/processed
POST /defective-items
POST /defective-items
POST /defective-items/process-return
POST /defective-items/process-return
ALL /reports/*
ALL /reports/*
GET /reports/summary
GET /reports/transactions
GET /reports/sales/summary
GET /reports/sales/transactions
GET /reports/services
GET /reports/services/stats
GET /reports/services/transactions
GET /reports/services/technicians
GET /reports/services/parts-usage
GET /reports/technicians
GET /reports/parts
GET /reports/purchases/summary
GET /reports/purchases/transactions
GET /reports/inventory/adjustments
GET /reports/logs
GET /reports/profit-loss
GET /reports/stock-value
GET /reports/kasir/daily
GET /reports/warehouse/low-stock
GET /approvals/pending
POST /approvals/request
POST /approvals/:id/action
ALL /settings/*
GET /settings/*
PUT /settings/*
POST /settings/*
GET /settings
GET /settings/payment-methods
PUT /settings/payment-methods
GET /settings/store-info
PUT /settings/store-info
GET /settings/receipt
PUT /settings/receipt
GET /settings/service
PUT /settings/service
GET /settings/whatsapp
PUT /settings/whatsapp
GET /settings/commission
PUT /settings/commission
GET /settings/account-mappings
PUT /settings/account-mappings
GET /settings/general
PUT /settings/general
GET /settings/tax
PUT /settings/tax
GET /settings/system
PUT /settings/system
POST /settings/reset
GET /settings/role-behavior
PUT /settings/role-behavior
GET /settings/:key
PUT /settings/:key
ALL /payment-methods/*
GET /payment-methods
GET /payment-methods
GET /payment-methods/enabled
GET /payment-methods/:id
GET /payment-methods/:id
POST /payment-methods
POST /payment-methods
PATCH /payment-methods/:id
PATCH /payment-methods/:id
DELETE /payment-methods/:id
DELETE /payment-methods/:id
POST /payment-methods/:id/variants
POST /payment-methods/:id/variants
PATCH /payment-methods/variants/:id
PATCH /payment-methods/variants/:id
DELETE /payment-methods/variants/:id
DELETE /payment-methods/variants/:id
ALL /payments/methods/*
GET /payments/methods
GET /payments/methods
GET /payments/methods/enabled
GET /payments/methods/:id
GET /payments/methods/:id
POST /payments/methods
POST /payments/methods
PATCH /payments/methods/:id
PATCH /payments/methods/:id
DELETE /payments/methods/:id
DELETE /payments/methods/:id
POST /payments/methods/:id/variants
POST /payments/methods/:id/variants
PATCH /payments/methods/variants/:id
PATCH /payments/methods/variants/:id
DELETE /payments/methods/variants/:id
DELETE /payments/methods/variants/:id
ALL /dashboard/*
GET /dashboard
GET /dashboard/activities
GET /dashboard/recent-services
GET /dashboard/urgent-services
GET /dashboard/technician
GET /dashboard/cashier
GET /dashboard/warehouse
GET /dashboard/profit-loss
GET /dashboard/stats
GET /dashboard/charts/sales
GET /dashboard/alerts/inventory
ALL /devices/*
POST /devices/scrape
POST /devices/scrape
POST /devices/scrape-list
POST /devices/scrape-list
POST /devices/import
POST /devices/import
GET /devices
GET /devices/unlinked
GET /devices/unlinked
GET /devices/:id
POST /devices
POST /devices
PUT /devices/:id
PUT /devices/:id
DELETE /devices/bulk
DELETE /devices/bulk
DELETE /devices/:id
DELETE /devices/:id
POST /devices/:id/sync
POST /devices/:id/sync
GET /brands
POST /brands
POST /brands
POST /brands
POST /brands
PATCH /brands/:id
PATCH /brands/:id
PATCH /brands/:id
PATCH /brands/:id
DELETE /brands/:id
DELETE /brands/:id
DELETE /brands/:id
ALL /service-tools/*
GET /service-tools
GET /service-tools/my
GET /service-tools/requests/my
GET /service-tools/requests/my
GET /service-tools/requests/all
GET /service-tools/requests
POST /service-tools
POST /service-tools
POST /service-tools/requests
POST /service-tools/requests
PUT /service-tools/:id
PUT /service-tools/:id
PATCH /service-tools/:id/condition
PATCH /service-tools/requests/:id/status
DELETE /service-tools/:id
DELETE /service-tools/:id
ALL /operational-costs/*
ALL /operational-costs/*
GET /operational-costs
POST /operational-costs
POST /operational-costs
DELETE /operational-costs/:id
ALL /accounting/*
ALL /accounting/*
GET /accounting/dashboard
GET /accounting/liabilities/summary
GET /accounting/liabilities/suppliers
GET /accounting/liabilities/expenses
GET /accounting/liabilities/commissions
POST /accounting/liabilities/expenses/:id/pay
GET /accounting/accounts
GET /accounting/accounts/tree
GET /accounting/accounts/shared/core/types
POST /accounting/accounts
POST /accounting/accounts
PATCH /accounting/accounts/:id
DELETE /accounting/accounts/:id
GET /accounting/journals
GET /accounting/journals/:id
GET /accounting/register/current
GET /accounting/register/status
POST /accounting/register/open
POST /accounting/register/close
POST /accounting/register/expense
GET /accounting/assets
POST /accounting/assets
GET /accounting/payables
GET /accounting/payables/summary
GET /accounting/payables/:id
POST /accounting/payables/:id/payments
GET /accounting/targets/today
GET /accounting/targets/:month
POST /accounting/targets/:month
GET /accounting/reports/gl
GET /accounting/reports/pl
GET /accounting/reports/balance-sheet
GET /accounting/audit-logs
POST /store-devices/register
POST /store-devices/register
GET /store-devices/:deviceId/status
GET /store-devices/:deviceId/status
POST /store-devices/:deviceId/ping
POST /store-devices/:deviceId/ping
GET /whatsapp/notifications
GET /whatsapp/notifications
POST /whatsapp/notifications/:id/read
POST /whatsapp/notifications/:id/read
POST /whatsapp/whatsapp/send
POST /whatsapp/whatsapp/send
POST /whatsapp/notifications/send
POST /whatsapp/notifications/send
-------------------------

--- REGISTERED ROUTES ---
GET /api-docs/spec
ALL /*
ALL /*
ALL /*
ALL /*
ALL /uploads/*
GET /api-docs/docs
POST /auth/login
POST /auth/logout
POST /auth/switch-role
POST /auth/switch-role
GET /auth/me
GET /auth/me
GET /auth/roles
GET /auth/roles
ALL /products/*
GET /products/stats
GET /products/searchproduct
GET /products/searchproduct
GET /products/categories/:id/product-count
GET /products/categories/:id/product-count
GET /products
GET /products/suppliers/:id/variants
GET /products/suppliers/:id/variants
GET /products/batches
GET /products/batches
GET /products/:id/variants
GET /products/:id/variants
GET /products/:id/variants
GET /products/:id
GET /products/:id
ALL /products
ALL /products/:id
ALL /products/variants
ALL /products/variants/:id
ALL /products/bulk-min-stock
ALL /products/print-label
POST /products
POST /products
PUT /products/:id
PUT /products/:id
PUT /products/:id
DELETE /products/:id
DELETE /products/:id
POST /products/variants
POST /products/variants
PUT /products/variants/:id
PUT /products/variants/:id
PUT /products/variants/:id
DELETE /products/variants/:id
DELETE /products/variants/:id
PATCH /products/bulk-min-stock
PATCH /products/bulk-min-stock
POST /products/print-label
POST /products/print-label
ALL /inventory/*
GET /inventory/stats
GET /inventory/searchproduct
GET /inventory/searchproduct
GET /inventory/categories/:id/product-count
GET /inventory/categories/:id/product-count
GET /inventory
GET /inventory/suppliers/:id/variants
GET /inventory/suppliers/:id/variants
GET /inventory/batches
GET /inventory/batches
GET /inventory/:id/variants
GET /inventory/:id/variants
GET /inventory/:id/variants
GET /inventory/:id
GET /inventory/:id
ALL /inventory
ALL /inventory/:id
ALL /inventory/variants
ALL /inventory/variants/:id
ALL /inventory/bulk-min-stock
ALL /inventory/print-label
POST /inventory
POST /inventory
PUT /inventory/:id
PUT /inventory/:id
PUT /inventory/:id
DELETE /inventory/:id
DELETE /inventory/:id
POST /inventory/variants
POST /inventory/variants
PUT /inventory/variants/:id
PUT /inventory/variants/:id
PUT /inventory/variants/:id
DELETE /inventory/variants/:id
DELETE /inventory/variants/:id
PATCH /inventory/bulk-min-stock
PATCH /inventory/bulk-min-stock
POST /inventory/print-label
POST /inventory/print-label
ALL /inventory/*
ALL /inventory/opname/*
GET /inventory/opname/sessions
GET /inventory/opname/adjustment-history
POST /inventory/opname/sessions
POST /inventory/opname/sessions
GET /inventory/opname/sessions/:id
GET /inventory/opname/sessions/:id
PUT /inventory/opname/items/:itemId
PUT /inventory/opname/items/:itemId
PUT /inventory/opname/items/:itemId
POST /inventory/opname/sessions/:id/finalize
POST /inventory/opname/sessions/:id/finalize
POST /inventory/opname/sessions/:id/cancel
POST /inventory/opname/sessions/:id/cancel
GET /inventory/gambling/dead-phones
POST /inventory/gambling/dead-phones
POST /inventory/gambling/test-logs
GET /inventory/kanibal/forfeited-devices
POST /inventory/kanibal/forfeit
POST /inventory/kanibal/harvest
ALL /categories/*
GET /categories
POST /categories
POST /categories
POST /categories
PUT /categories/:id
PUT /categories/:id
PUT /categories/:id
DELETE /categories/:id
DELETE /categories/:id
POST /categories/:id/variants
POST /categories/:id/variants
POST /categories/:id/variants
DELETE /categories/variants/:variantId
DELETE /categories/variants/:variantId
ALL /service/*
GET /service
GET /service/counts
GET /service/dashboard/stats
GET /service/:id
GET /service/:id/print
POST /service
POST /service
POST /service/:id/assign
PUT /service/:id/status
PUT /service/:id/details
PATCH /service/:id
DELETE /service/:id
ALL /service-categories/*
GET /service-categories
POST /service-categories
GET /service-categories/:id
PUT /service-categories/:id
DELETE /service-categories/:id
ALL /service-types/*
GET /service-types
POST /service-types
GET /service-types/:id
PUT /service-types/:id
DELETE /service-types/:id
ALL /service-items/*
POST /service-items
POST /service-items/:id/parts
PUT /service-items/:id/complete
ALL /commissions/*
GET /commissions/settings/:technicianId
PUT /commissions/settings/:technicianId
GET /commissions/summary/:technicianId
POST /commissions/mark-paid
ALL /suppliers/*
GET /suppliers
GET /suppliers/:id/categories
POST /suppliers
POST /suppliers
POST /suppliers
PUT /suppliers/:id
PUT /suppliers/:id
PUT /suppliers/:id
DELETE /suppliers/:id
DELETE /suppliers/:id
POST /suppliers/:id/categories
POST /suppliers/:id/categories
POST /suppliers/:id/categories
DELETE /suppliers/:id/categories/:categoryId
DELETE /suppliers/:id/categories/:categoryId
GET /suppliers/:id/product-variants
GET /suppliers/:id/product-variants
POST /suppliers/:id/product-variants
POST /suppliers/:id/product-variants
POST /suppliers/:id/product-variants
DELETE /suppliers/:id/product-variants/:productId
DELETE /suppliers/:id/product-variants/:productId
ALL /purchases/*
GET /purchases
GET /purchases
POST /purchases
POST /purchases
POST /purchases
GET /purchases/recommendations/low-stock
GET /purchases/recommendations/low-stock
GET /purchases/:id
GET /purchases/:id
POST /purchases/:id/cancel
POST /purchases/:id/cancel
POST /purchases/:id/receive
POST /purchases/:id/receive
POST /purchases/:id/receive
POST /purchases/:id/verify
POST /purchases/:id/verify
POST /purchases/:id/verify
DELETE /purchases/:id
DELETE /purchases/:id
GET /purchase-returns
GET /purchase-returns
GET /purchase-returns
GET /purchase-returns/:id
GET /purchase-returns/:id
GET /purchase-returns/:id
POST /purchase-returns
POST /purchase-returns
POST /purchase-returns
ALL /sales/*
GET /sales
GET /sales
GET /sales/:id
GET /sales/:id
POST /sales
POST /sales
POST /sales
GET /notifications/notifications
GET /notifications/notifications
POST /notifications/notifications/:id/read
POST /notifications/notifications/:id/read
POST /notifications/whatsapp/send
POST /notifications/whatsapp/send
POST /notifications/notifications/send
POST /notifications/notifications/send
POST /uploads
POST /uploads
ALL /users/*
GET /users
GET /users
GET /users/:id
GET /users/:id
POST /users
POST /users
PUT /users/:id
PUT /users/:id
DELETE /users/:id
DELETE /users/:id
GET /customers
GET /customers
GET /customers
GET /customers/:id
GET /customers/:id
GET /customers/:id
POST /customers
POST /customers
POST /customers
POST /customers
PATCH /customers/:id
PATCH /customers/:id
PATCH /customers/:id
PATCH /customers/:id
DELETE /customers/:id
DELETE /customers/:id
DELETE /customers/:id
GET /customers/:id/sales
GET /customers/:id/sales
GET /customers/:id/sales
GET /customers/:id/unpaid-sales
GET /customers/:id/unpaid-sales
GET /customers/:id/unpaid-sales
POST /customers/:id/payments
POST /customers/:id/payments
POST /customers/:id/payments
POST /customers/:id/payments
ALL /defective-items/*
GET /defective-items/pending
GET /defective-items/pending
GET /defective-items/processed
GET /defective-items/processed
POST /defective-items
POST /defective-items
POST /defective-items/process-return
POST /defective-items/process-return
ALL /reports/*
ALL /reports/*
GET /reports/summary
GET /reports/transactions
GET /reports/sales/summary
GET /reports/sales/transactions
GET /reports/services
GET /reports/services/stats
GET /reports/services/transactions
GET /reports/services/technicians
GET /reports/services/parts-usage
GET /reports/technicians
GET /reports/parts
GET /reports/purchases/summary
GET /reports/purchases/transactions
GET /reports/inventory/adjustments
GET /reports/logs
GET /reports/profit-loss
GET /reports/stock-value
GET /reports/kasir/daily
GET /reports/warehouse/low-stock
ALL /approvals/*
GET /approvals/pending
GET /approvals/history
GET /approvals/stats
GET /approvals/:id
POST /approvals/request
POST /approvals/:id/approve
POST /approvals/:id/reject
POST /approvals/:id/action
ALL /settings/*
GET /settings/*
PUT /settings/*
POST /settings/*
GET /settings
GET /settings/payment-methods
PUT /settings/payment-methods
GET /settings/store-info
PUT /settings/store-info
GET /settings/receipt
PUT /settings/receipt
GET /settings/service
PUT /settings/service
GET /settings/whatsapp
PUT /settings/whatsapp
GET /settings/commission
PUT /settings/commission
GET /settings/account-mappings
PUT /settings/account-mappings
GET /settings/general
PUT /settings/general
GET /settings/tax
PUT /settings/tax
GET /settings/system
PUT /settings/system
POST /settings/reset
GET /settings/role-behavior
PUT /settings/role-behavior
GET /settings/:key
PUT /settings/:key
ALL /payment-methods/*
GET /payment-methods
GET /payment-methods
GET /payment-methods/enabled
GET /payment-methods/:id
GET /payment-methods/:id
POST /payment-methods
POST /payment-methods
PATCH /payment-methods/:id
PATCH /payment-methods/:id
DELETE /payment-methods/:id
DELETE /payment-methods/:id
POST /payment-methods/:id/variants
POST /payment-methods/:id/variants
PATCH /payment-methods/variants/:id
PATCH /payment-methods/variants/:id
DELETE /payment-methods/variants/:id
DELETE /payment-methods/variants/:id
ALL /payments/methods/*
GET /payments/methods
GET /payments/methods
GET /payments/methods/enabled
GET /payments/methods/:id
GET /payments/methods/:id
POST /payments/methods
POST /payments/methods
PATCH /payments/methods/:id
PATCH /payments/methods/:id
DELETE /payments/methods/:id
DELETE /payments/methods/:id
POST /payments/methods/:id/variants
POST /payments/methods/:id/variants
PATCH /payments/methods/variants/:id
PATCH /payments/methods/variants/:id
DELETE /payments/methods/variants/:id
DELETE /payments/methods/variants/:id
ALL /dashboard/*
GET /dashboard
GET /dashboard/activities
GET /dashboard/recent-services
GET /dashboard/urgent-services
GET /dashboard/technician
GET /dashboard/cashier
GET /dashboard/warehouse
GET /dashboard/profit-loss
GET /dashboard/stats
GET /dashboard/charts/sales
GET /dashboard/alerts/inventory
ALL /devices/*
POST /devices/scrape
POST /devices/scrape
POST /devices/scrape-list
POST /devices/scrape-list
POST /devices/import
POST /devices/import
GET /devices
GET /devices/unlinked
GET /devices/unlinked
GET /devices/:id
POST /devices
POST /devices
PUT /devices/:id
PUT /devices/:id
DELETE /devices/bulk
DELETE /devices/bulk
DELETE /devices/:id
DELETE /devices/:id
POST /devices/:id/sync
POST /devices/:id/sync
GET /brands
POST /brands
POST /brands
POST /brands
POST /brands
PATCH /brands/:id
PATCH /brands/:id
PATCH /brands/:id
PATCH /brands/:id
DELETE /brands/:id
DELETE /brands/:id
DELETE /brands/:id
ALL /service-tools/*
GET /service-tools
GET /service-tools/my
GET /service-tools/requests/my
GET /service-tools/requests/my
GET /service-tools/requests/all
GET /service-tools/requests
POST /service-tools
POST /service-tools
POST /service-tools/requests
POST /service-tools/requests
PUT /service-tools/:id
PUT /service-tools/:id
PATCH /service-tools/:id/condition
PATCH /service-tools/requests/:id/status
DELETE /service-tools/:id
DELETE /service-tools/:id
ALL /operational-costs/*
ALL /operational-costs/*
GET /operational-costs
POST /operational-costs
POST /operational-costs
DELETE /operational-costs/:id
ALL /accounting/*
ALL /accounting/*
GET /accounting/dashboard
GET /accounting/liabilities/summary
GET /accounting/liabilities/suppliers
GET /accounting/liabilities/expenses
GET /accounting/liabilities/commissions
POST /accounting/liabilities/expenses/:id/pay
GET /accounting/accounts
GET /accounting/accounts/tree
GET /accounting/accounts/shared/core/types
POST /accounting/accounts
POST /accounting/accounts
PATCH /accounting/accounts/:id
DELETE /accounting/accounts/:id
GET /accounting/journals
GET /accounting/journals/:id
GET /accounting/register/current
GET /accounting/register/status
POST /accounting/register/open
POST /accounting/register/close
POST /accounting/register/expense
GET /accounting/assets
POST /accounting/assets
GET /accounting/payables
GET /accounting/payables/summary
GET /accounting/payables/:id
POST /accounting/payables/:id/payments
GET /accounting/targets/today
GET /accounting/targets/:month
POST /accounting/targets/:month
GET /accounting/reports/gl
GET /accounting/reports/pl
GET /accounting/reports/balance-sheet
GET /accounting/audit-logs
POST /store-devices/register
POST /store-devices/register
GET /store-devices/:deviceId/status
GET /store-devices/:deviceId/status
POST /store-devices/:deviceId/ping
POST /store-devices/:deviceId/ping
GET /whatsapp/notifications
GET /whatsapp/notifications
POST /whatsapp/notifications/:id/read
POST /whatsapp/notifications/:id/read
POST /whatsapp/whatsapp/send
POST /whatsapp/whatsapp/send
POST /whatsapp/notifications/send
POST /whatsapp/notifications/send
-------------------------

--- REGISTERED ROUTES ---
GET /api-docs/spec
ALL /*
ALL /*
ALL /*
ALL /*
ALL /uploads/*
GET /api-docs/docs
POST /auth/login
POST /auth/logout
POST /auth/switch-role
POST /auth/switch-role
GET /auth/me
GET /auth/me
GET /auth/roles
GET /auth/roles
ALL /products/*
GET /products/stats
GET /products/searchproduct
GET /products/searchproduct
GET /products/categories/:id/product-count
GET /products/categories/:id/product-count
GET /products
GET /products/suppliers/:id/variants
GET /products/suppliers/:id/variants
GET /products/batches
GET /products/batches
GET /products/:id/variants
GET /products/:id/variants
GET /products/:id/variants
GET /products/:id
GET /products/:id
ALL /products
ALL /products/:id
ALL /products/variants
ALL /products/variants/:id
ALL /products/bulk-min-stock
ALL /products/print-label
POST /products
POST /products
PUT /products/:id
PUT /products/:id
PUT /products/:id
DELETE /products/:id
DELETE /products/:id
POST /products/variants
POST /products/variants
PUT /products/variants/:id
PUT /products/variants/:id
PUT /products/variants/:id
DELETE /products/variants/:id
DELETE /products/variants/:id
PATCH /products/bulk-min-stock
PATCH /products/bulk-min-stock
POST /products/print-label
POST /products/print-label
ALL /inventory/*
GET /inventory/stats
GET /inventory/searchproduct
GET /inventory/searchproduct
GET /inventory/categories/:id/product-count
GET /inventory/categories/:id/product-count
GET /inventory
GET /inventory/suppliers/:id/variants
GET /inventory/suppliers/:id/variants
GET /inventory/batches
GET /inventory/batches
GET /inventory/:id/variants
GET /inventory/:id/variants
GET /inventory/:id/variants
GET /inventory/:id
GET /inventory/:id
ALL /inventory
ALL /inventory/:id
ALL /inventory/variants
ALL /inventory/variants/:id
ALL /inventory/bulk-min-stock
ALL /inventory/print-label
POST /inventory
POST /inventory
PUT /inventory/:id
PUT /inventory/:id
PUT /inventory/:id
DELETE /inventory/:id
DELETE /inventory/:id
POST /inventory/variants
POST /inventory/variants
PUT /inventory/variants/:id
PUT /inventory/variants/:id
PUT /inventory/variants/:id
DELETE /inventory/variants/:id
DELETE /inventory/variants/:id
PATCH /inventory/bulk-min-stock
PATCH /inventory/bulk-min-stock
POST /inventory/print-label
POST /inventory/print-label
ALL /inventory/*
ALL /inventory/opname/*
GET /inventory/opname/sessions
GET /inventory/opname/adjustment-history
POST /inventory/opname/sessions
POST /inventory/opname/sessions
GET /inventory/opname/sessions/:id
GET /inventory/opname/sessions/:id
PUT /inventory/opname/items/:itemId
PUT /inventory/opname/items/:itemId
PUT /inventory/opname/items/:itemId
POST /inventory/opname/sessions/:id/finalize
POST /inventory/opname/sessions/:id/finalize
POST /inventory/opname/sessions/:id/cancel
POST /inventory/opname/sessions/:id/cancel
GET /inventory/gambling/dead-phones
POST /inventory/gambling/dead-phones
POST /inventory/gambling/test-logs
GET /inventory/kanibal/forfeited-devices
POST /inventory/kanibal/forfeit
POST /inventory/kanibal/harvest
ALL /categories/*
GET /categories
POST /categories
POST /categories
POST /categories
PUT /categories/:id
PUT /categories/:id
PUT /categories/:id
DELETE /categories/:id
DELETE /categories/:id
POST /categories/:id/variants
POST /categories/:id/variants
POST /categories/:id/variants
DELETE /categories/variants/:variantId
DELETE /categories/variants/:variantId
ALL /service/*
GET /service
GET /service/counts
GET /service/dashboard/stats
GET /service/:id
GET /service/:id/print
POST /service
POST /service
POST /service/:id/assign
PUT /service/:id/status
PUT /service/:id/details
PATCH /service/:id
DELETE /service/:id
ALL /service-categories/*
GET /service-categories
POST /service-categories
GET /service-categories/:id
PUT /service-categories/:id
DELETE /service-categories/:id
ALL /service-types/*
GET /service-types
POST /service-types
GET /service-types/:id
PUT /service-types/:id
DELETE /service-types/:id
ALL /service-items/*
POST /service-items
POST /service-items/:id/parts
PUT /service-items/:id/complete
ALL /commissions/*
GET /commissions/settings/:technicianId
PUT /commissions/settings/:technicianId
GET /commissions/summary/:technicianId
POST /commissions/mark-paid
ALL /suppliers/*
GET /suppliers
GET /suppliers/:id/categories
POST /suppliers
POST /suppliers
POST /suppliers
PUT /suppliers/:id
PUT /suppliers/:id
PUT /suppliers/:id
DELETE /suppliers/:id
DELETE /suppliers/:id
POST /suppliers/:id/categories
POST /suppliers/:id/categories
POST /suppliers/:id/categories
DELETE /suppliers/:id/categories/:categoryId
DELETE /suppliers/:id/categories/:categoryId
GET /suppliers/:id/product-variants
GET /suppliers/:id/product-variants
POST /suppliers/:id/product-variants
POST /suppliers/:id/product-variants
POST /suppliers/:id/product-variants
DELETE /suppliers/:id/product-variants/:productId
DELETE /suppliers/:id/product-variants/:productId
ALL /purchases/*
GET /purchases
GET /purchases
POST /purchases
POST /purchases
POST /purchases
GET /purchases/recommendations/low-stock
GET /purchases/recommendations/low-stock
GET /purchases/:id
GET /purchases/:id
POST /purchases/:id/cancel
POST /purchases/:id/cancel
POST /purchases/:id/receive
POST /purchases/:id/receive
POST /purchases/:id/receive
POST /purchases/:id/verify
POST /purchases/:id/verify
POST /purchases/:id/verify
DELETE /purchases/:id
DELETE /purchases/:id
GET /purchase-returns
GET /purchase-returns
GET /purchase-returns
GET /purchase-returns/:id
GET /purchase-returns/:id
GET /purchase-returns/:id
POST /purchase-returns
POST /purchase-returns
POST /purchase-returns
ALL /sales/*
GET /sales
GET /sales
GET /sales/:id
GET /sales/:id
POST /sales
POST /sales
POST /sales
GET /notifications/notifications
GET /notifications/notifications
POST /notifications/notifications/:id/read
POST /notifications/notifications/:id/read
POST /notifications/whatsapp/send
POST /notifications/whatsapp/send
POST /notifications/notifications/send
POST /notifications/notifications/send
POST /uploads
POST /uploads
ALL /users/*
GET /users
GET /users
GET /users/:id
GET /users/:id
POST /users
POST /users
PUT /users/:id
PUT /users/:id
DELETE /users/:id
DELETE /users/:id
GET /customers
GET /customers
GET /customers
GET /customers/:id
GET /customers/:id
GET /customers/:id
POST /customers
POST /customers
POST /customers
POST /customers
PATCH /customers/:id
PATCH /customers/:id
PATCH /customers/:id
PATCH /customers/:id
DELETE /customers/:id
DELETE /customers/:id
DELETE /customers/:id
GET /customers/:id/sales
GET /customers/:id/sales
GET /customers/:id/sales
GET /customers/:id/unpaid-sales
GET /customers/:id/unpaid-sales
GET /customers/:id/unpaid-sales
POST /customers/:id/payments
POST /customers/:id/payments
POST /customers/:id/payments
POST /customers/:id/payments
ALL /defective-items/*
GET /defective-items
GET /defective-items
GET /defective-items/pending
GET /defective-items/pending
GET /defective-items/processed
GET /defective-items/processed
POST /defective-items
POST /defective-items
POST /defective-items/process-return
POST /defective-items/process-return
POST /defective-items/create-return
POST /defective-items/create-return
ALL /reports/*
ALL /reports/*
GET /reports/summary
GET /reports/transactions
GET /reports/sales/summary
GET /reports/sales/transactions
GET /reports/services
GET /reports/services/stats
GET /reports/services/transactions
GET /reports/services/technicians
GET /reports/services/parts-usage
GET /reports/technicians
GET /reports/parts
GET /reports/purchases/summary
GET /reports/purchases/transactions
GET /reports/inventory/adjustments
GET /reports/logs
GET /reports/profit-loss
GET /reports/stock-value
GET /reports/kasir/daily
GET /reports/warehouse/low-stock
ALL /approvals/*
GET /approvals/pending
GET /approvals/history
GET /approvals/stats
GET /approvals/:id
POST /approvals/request
POST /approvals/:id/approve
POST /approvals/:id/reject
POST /approvals/:id/action
ALL /settings/*
GET /settings/*
PUT /settings/*
POST /settings/*
GET /settings
GET /settings/payment-methods
PUT /settings/payment-methods
GET /settings/store-info
PUT /settings/store-info
GET /settings/receipt
PUT /settings/receipt
GET /settings/service
PUT /settings/service
GET /settings/whatsapp
PUT /settings/whatsapp
GET /settings/commission
PUT /settings/commission
GET /settings/account-mappings
PUT /settings/account-mappings
GET /settings/general
PUT /settings/general
GET /settings/tax
PUT /settings/tax
GET /settings/system
PUT /settings/system
POST /settings/reset
GET /settings/role-behavior
PUT /settings/role-behavior
GET /settings/:key
PUT /settings/:key
ALL /payment-methods/*
GET /payment-methods
GET /payment-methods
GET /payment-methods/enabled
GET /payment-methods/:id
GET /payment-methods/:id
POST /payment-methods
POST /payment-methods
PATCH /payment-methods/:id
PATCH /payment-methods/:id
DELETE /payment-methods/:id
DELETE /payment-methods/:id
POST /payment-methods/:id/variants
POST /payment-methods/:id/variants
PATCH /payment-methods/variants/:id
PATCH /payment-methods/variants/:id
DELETE /payment-methods/variants/:id
DELETE /payment-methods/variants/:id
ALL /payments/methods/*
GET /payments/methods
GET /payments/methods
GET /payments/methods/enabled
GET /payments/methods/:id
GET /payments/methods/:id
POST /payments/methods
POST /payments/methods
PATCH /payments/methods/:id
PATCH /payments/methods/:id
DELETE /payments/methods/:id
DELETE /payments/methods/:id
POST /payments/methods/:id/variants
POST /payments/methods/:id/variants
PATCH /payments/methods/variants/:id
PATCH /payments/methods/variants/:id
DELETE /payments/methods/variants/:id
DELETE /payments/methods/variants/:id
ALL /dashboard/*
GET /dashboard
GET /dashboard/activities
GET /dashboard/recent-services
GET /dashboard/urgent-services
GET /dashboard/technician
GET /dashboard/cashier
GET /dashboard/warehouse
GET /dashboard/profit-loss
GET /dashboard/stats
GET /dashboard/charts/sales
GET /dashboard/alerts/inventory
ALL /devices/*
POST /devices/scrape
POST /devices/scrape
POST /devices/scrape-list
POST /devices/scrape-list
POST /devices/import
POST /devices/import
GET /devices
GET /devices/unlinked
GET /devices/unlinked
GET /devices/:id
POST /devices
POST /devices
PUT /devices/:id
PUT /devices/:id
DELETE /devices/bulk
DELETE /devices/bulk
DELETE /devices/:id
DELETE /devices/:id
POST /devices/:id/sync
POST /devices/:id/sync
GET /brands
POST /brands
POST /brands
POST /brands
POST /brands
PATCH /brands/:id
PATCH /brands/:id
PATCH /brands/:id
PATCH /brands/:id
DELETE /brands/:id
DELETE /brands/:id
DELETE /brands/:id
ALL /service-tools/*
GET /service-tools
GET /service-tools/my
GET /service-tools/requests/my
GET /service-tools/requests/my
GET /service-tools/requests/all
GET /service-tools/requests
POST /service-tools
POST /service-tools
POST /service-tools/requests
POST /service-tools/requests
PUT /service-tools/:id
PUT /service-tools/:id
PATCH /service-tools/:id/condition
PATCH /service-tools/requests/:id/status
DELETE /service-tools/:id
DELETE /service-tools/:id
ALL /operational-costs/*
ALL /operational-costs/*
GET /operational-costs
POST /operational-costs
POST /operational-costs
DELETE /operational-costs/:id
ALL /accounting/*
ALL /accounting/*
GET /accounting/dashboard
GET /accounting/liabilities/summary
GET /accounting/liabilities/suppliers
GET /accounting/liabilities/expenses
GET /accounting/liabilities/commissions
POST /accounting/liabilities/expenses/:id/pay
GET /accounting/accounts
GET /accounting/accounts/tree
GET /accounting/accounts/shared/core/types
POST /accounting/accounts
POST /accounting/accounts
PATCH /accounting/accounts/:id
DELETE /accounting/accounts/:id
GET /accounting/journals
GET /accounting/journals/:id
GET /accounting/register/current
GET /accounting/register/status
POST /accounting/register/open
POST /accounting/register/close
POST /accounting/register/expense
GET /accounting/assets
POST /accounting/assets
GET /accounting/payables
GET /accounting/payables/summary
GET /accounting/payables/:id
POST /accounting/payables/:id/payments
GET /accounting/targets/today
GET /accounting/targets/:month
POST /accounting/targets/:month
GET /accounting/reports/gl
GET /accounting/reports/pl
GET /accounting/reports/balance-sheet
GET /accounting/audit-logs
POST /store-devices/register
POST /store-devices/register
GET /store-devices/:deviceId/status
GET /store-devices/:deviceId/status
POST /store-devices/:deviceId/ping
POST /store-devices/:deviceId/ping
GET /whatsapp/notifications
GET /whatsapp/notifications
POST /whatsapp/notifications/:id/read
POST /whatsapp/notifications/:id/read
POST /whatsapp/whatsapp/send
POST /whatsapp/whatsapp/send
POST /whatsapp/notifications/send
POST /whatsapp/notifications/send
-------------------------

--- REGISTERED ROUTES ---
GET /api-docs/spec
ALL /*
ALL /*
ALL /*
ALL /*
ALL /uploads/*
GET /api-docs/docs
POST /auth/login
POST /auth/logout
POST /auth/switch-role
POST /auth/switch-role
GET /auth/me
GET /auth/me
GET /auth/roles
GET /auth/roles
ALL /products/*
GET /products/stats
GET /products/searchproduct
GET /products/searchproduct
GET /products/categories/:id/product-count
GET /products/categories/:id/product-count
GET /products
GET /products/suppliers/:id/variants
GET /products/suppliers/:id/variants
GET /products/batches
GET /products/batches
GET /products/:id/variants
GET /products/:id/variants
GET /products/:id/variants
GET /products/:id
GET /products/:id
ALL /products
ALL /products/:id
ALL /products/variants
ALL /products/variants/:id
ALL /products/bulk-min-stock
ALL /products/print-label
POST /products
POST /products
PUT /products/:id
PUT /products/:id
PUT /products/:id
DELETE /products/:id
DELETE /products/:id
POST /products/variants
POST /products/variants
PUT /products/variants/:id
PUT /products/variants/:id
PUT /products/variants/:id
DELETE /products/variants/:id
DELETE /products/variants/:id
PATCH /products/bulk-min-stock
PATCH /products/bulk-min-stock
POST /products/print-label
POST /products/print-label
ALL /inventory/*
GET /inventory/stats
GET /inventory/searchproduct
GET /inventory/searchproduct
GET /inventory/categories/:id/product-count
GET /inventory/categories/:id/product-count
GET /inventory
GET /inventory/suppliers/:id/variants
GET /inventory/suppliers/:id/variants
GET /inventory/batches
GET /inventory/batches
GET /inventory/:id/variants
GET /inventory/:id/variants
GET /inventory/:id/variants
GET /inventory/:id
GET /inventory/:id
ALL /inventory
ALL /inventory/:id
ALL /inventory/variants
ALL /inventory/variants/:id
ALL /inventory/bulk-min-stock
ALL /inventory/print-label
POST /inventory
POST /inventory
PUT /inventory/:id
PUT /inventory/:id
PUT /inventory/:id
DELETE /inventory/:id
DELETE /inventory/:id
POST /inventory/variants
POST /inventory/variants
PUT /inventory/variants/:id
PUT /inventory/variants/:id
PUT /inventory/variants/:id
DELETE /inventory/variants/:id
DELETE /inventory/variants/:id
PATCH /inventory/bulk-min-stock
PATCH /inventory/bulk-min-stock
POST /inventory/print-label
POST /inventory/print-label
ALL /inventory/*
ALL /inventory/opname/*
GET /inventory/opname/sessions
GET /inventory/opname/adjustment-history
POST /inventory/opname/sessions
POST /inventory/opname/sessions
GET /inventory/opname/sessions/:id
GET /inventory/opname/sessions/:id
PUT /inventory/opname/items/:itemId
PUT /inventory/opname/items/:itemId
PUT /inventory/opname/items/:itemId
POST /inventory/opname/sessions/:id/finalize
POST /inventory/opname/sessions/:id/finalize
POST /inventory/opname/sessions/:id/cancel
POST /inventory/opname/sessions/:id/cancel
GET /inventory/gambling/dead-phones
POST /inventory/gambling/dead-phones
POST /inventory/gambling/test-logs
GET /inventory/kanibal/forfeited-devices
POST /inventory/kanibal/forfeit
POST /inventory/kanibal/harvest
ALL /categories/*
GET /categories
POST /categories
POST /categories
POST /categories
PUT /categories/:id
PUT /categories/:id
PUT /categories/:id
DELETE /categories/:id
DELETE /categories/:id
POST /categories/:id/variants
POST /categories/:id/variants
POST /categories/:id/variants
DELETE /categories/variants/:variantId
DELETE /categories/variants/:variantId
ALL /service/*
GET /service
GET /service
GET /service/counts
GET /service/counts
GET /service/dashboard/stats
GET /service/dashboard/stats
GET /service/:id
GET /service/:id
GET /service/:id/print
GET /service/:id/print
POST /service
POST /service
POST /service
POST /service/:id/assign
POST /service/:id/assign
PUT /service/:id/status
PUT /service/:id/status
PUT /service/:id/details
PUT /service/:id/details
PATCH /service/:id
PATCH /service/:id
DELETE /service/:id
DELETE /service/:id
ALL /service-categories/*
GET /service-categories
POST /service-categories
GET /service-categories/:id
PUT /service-categories/:id
DELETE /service-categories/:id
ALL /service-types/*
GET /service-types
POST /service-types
GET /service-types/:id
PUT /service-types/:id
DELETE /service-types/:id
ALL /service-items/*
POST /service-items
POST /service-items/:id/parts
PUT /service-items/:id/complete
ALL /commissions/*
GET /commissions/settings/:technicianId
PUT /commissions/settings/:technicianId
GET /commissions/summary/:technicianId
POST /commissions/mark-paid
ALL /suppliers/*
GET /suppliers
GET /suppliers/:id/categories
POST /suppliers
POST /suppliers
POST /suppliers
PUT /suppliers/:id
PUT /suppliers/:id
PUT /suppliers/:id
DELETE /suppliers/:id
DELETE /suppliers/:id
POST /suppliers/:id/categories
POST /suppliers/:id/categories
POST /suppliers/:id/categories
DELETE /suppliers/:id/categories/:categoryId
DELETE /suppliers/:id/categories/:categoryId
GET /suppliers/:id/product-variants
GET /suppliers/:id/product-variants
POST /suppliers/:id/product-variants
POST /suppliers/:id/product-variants
POST /suppliers/:id/product-variants
DELETE /suppliers/:id/product-variants/:productId
DELETE /suppliers/:id/product-variants/:productId
ALL /purchases/*
GET /purchases
GET /purchases
POST /purchases
POST /purchases
POST /purchases
GET /purchases/recommendations/low-stock
GET /purchases/recommendations/low-stock
GET /purchases/:id
GET /purchases/:id
POST /purchases/:id/cancel
POST /purchases/:id/cancel
POST /purchases/:id/receive
POST /purchases/:id/receive
POST /purchases/:id/receive
POST /purchases/:id/verify
POST /purchases/:id/verify
POST /purchases/:id/verify
DELETE /purchases/:id
DELETE /purchases/:id
GET /purchase-returns
GET /purchase-returns
GET /purchase-returns
GET /purchase-returns/:id
GET /purchase-returns/:id
GET /purchase-returns/:id
POST /purchase-returns
POST /purchase-returns
POST /purchase-returns
ALL /sales/*
GET /sales
GET /sales
GET /sales/:id
GET /sales/:id
POST /sales
POST /sales
POST /sales
GET /notifications/notifications
GET /notifications/notifications
POST /notifications/notifications/:id/read
POST /notifications/notifications/:id/read
POST /notifications/whatsapp/send
POST /notifications/whatsapp/send
POST /notifications/notifications/send
POST /notifications/notifications/send
POST /uploads
POST /uploads
ALL /users/*
GET /users
GET /users
GET /users/:id
GET /users/:id
POST /users
POST /users
PUT /users/:id
PUT /users/:id
DELETE /users/:id
DELETE /users/:id
GET /customers
GET /customers
GET /customers
GET /customers/:id
GET /customers/:id
GET /customers/:id
POST /customers
POST /customers
POST /customers
POST /customers
PATCH /customers/:id
PATCH /customers/:id
PATCH /customers/:id
PATCH /customers/:id
DELETE /customers/:id
DELETE /customers/:id
DELETE /customers/:id
GET /customers/:id/sales
GET /customers/:id/sales
GET /customers/:id/sales
GET /customers/:id/unpaid-sales
GET /customers/:id/unpaid-sales
GET /customers/:id/unpaid-sales
POST /customers/:id/payments
POST /customers/:id/payments
POST /customers/:id/payments
POST /customers/:id/payments
ALL /defective-items/*
GET /defective-items
GET /defective-items
GET /defective-items/pending
GET /defective-items/pending
GET /defective-items/processed
GET /defective-items/processed
POST /defective-items
POST /defective-items
POST /defective-items/process-return
POST /defective-items/process-return
POST /defective-items/create-return
POST /defective-items/create-return
ALL /reports/*
ALL /reports/*
GET /reports/summary
GET /reports/transactions
GET /reports/sales/summary
GET /reports/sales/transactions
GET /reports/services
GET /reports/services/stats
GET /reports/services/transactions
GET /reports/services/technicians
GET /reports/services/parts-usage
GET /reports/technicians
GET /reports/parts
GET /reports/purchases/summary
GET /reports/purchases/transactions
GET /reports/inventory/adjustments
GET /reports/logs
GET /reports/profit-loss
GET /reports/stock-value
GET /reports/kasir/daily
GET /reports/warehouse/low-stock
ALL /approvals/*
GET /approvals/pending
GET /approvals/history
GET /approvals/stats
GET /approvals/:id
POST /approvals/request
POST /approvals/:id/approve
POST /approvals/:id/reject
POST /approvals/:id/action
ALL /settings/*
GET /settings/*
PUT /settings/*
POST /settings/*
GET /settings
GET /settings/payment-methods
PUT /settings/payment-methods
GET /settings/store-info
PUT /settings/store-info
GET /settings/receipt
PUT /settings/receipt
GET /settings/service
PUT /settings/service
GET /settings/whatsapp
PUT /settings/whatsapp
GET /settings/commission
PUT /settings/commission
GET /settings/account-mappings
PUT /settings/account-mappings
GET /settings/general
PUT /settings/general
GET /settings/tax
PUT /settings/tax
GET /settings/system
PUT /settings/system
POST /settings/reset
GET /settings/role-behavior
PUT /settings/role-behavior
GET /settings/:key
PUT /settings/:key
ALL /payment-methods/*
GET /payment-methods
GET /payment-methods
GET /payment-methods/enabled
GET /payment-methods/:id
GET /payment-methods/:id
POST /payment-methods
POST /payment-methods
PATCH /payment-methods/:id
PATCH /payment-methods/:id
DELETE /payment-methods/:id
DELETE /payment-methods/:id
POST /payment-methods/:id/variants
POST /payment-methods/:id/variants
PATCH /payment-methods/variants/:id
PATCH /payment-methods/variants/:id
DELETE /payment-methods/variants/:id
DELETE /payment-methods/variants/:id
ALL /payments/methods/*
GET /payments/methods
GET /payments/methods
GET /payments/methods/enabled
GET /payments/methods/:id
GET /payments/methods/:id
POST /payments/methods
POST /payments/methods
PATCH /payments/methods/:id
PATCH /payments/methods/:id
DELETE /payments/methods/:id
DELETE /payments/methods/:id
POST /payments/methods/:id/variants
POST /payments/methods/:id/variants
PATCH /payments/methods/variants/:id
PATCH /payments/methods/variants/:id
DELETE /payments/methods/variants/:id
DELETE /payments/methods/variants/:id
ALL /dashboard/*
GET /dashboard
GET /dashboard
GET /dashboard/activities
GET /dashboard/activities
GET /dashboard/recent-services
GET /dashboard/recent-services
GET /dashboard/urgent-services
GET /dashboard/urgent-services
GET /dashboard/technician
GET /dashboard/technician
GET /dashboard/cashier
GET /dashboard/cashier
GET /dashboard/warehouse
GET /dashboard/warehouse
GET /dashboard/profit-loss
GET /dashboard/profit-loss
GET /dashboard/stats
GET /dashboard/charts/sales
GET /dashboard/alerts/inventory
ALL /devices/*
POST /devices/scrape
POST /devices/scrape
POST /devices/scrape-list
POST /devices/scrape-list
POST /devices/import
POST /devices/import
GET /devices
GET /devices/unlinked
GET /devices/unlinked
GET /devices/:id
POST /devices
POST /devices
PUT /devices/:id
PUT /devices/:id
DELETE /devices/bulk
DELETE /devices/bulk
DELETE /devices/:id
DELETE /devices/:id
POST /devices/:id/sync
POST /devices/:id/sync
GET /brands
POST /brands
POST /brands
POST /brands
POST /brands
PATCH /brands/:id
PATCH /brands/:id
PATCH /brands/:id
PATCH /brands/:id
DELETE /brands/:id
DELETE /brands/:id
DELETE /brands/:id
ALL /service-tools/*
GET /service-tools
GET /service-tools/my
GET /service-tools/requests/my
GET /service-tools/requests/my
GET /service-tools/requests/all
GET /service-tools/requests
POST /service-tools
POST /service-tools
POST /service-tools/requests
POST /service-tools/requests
PUT /service-tools/:id
PUT /service-tools/:id
PATCH /service-tools/:id/condition
PATCH /service-tools/requests/:id/status
DELETE /service-tools/:id
DELETE /service-tools/:id
ALL /operational-costs/*
ALL /operational-costs/*
GET /operational-costs
POST /operational-costs
POST /operational-costs
DELETE /operational-costs/:id
ALL /accounting/*
ALL /accounting/*
GET /accounting/dashboard
GET /accounting/liabilities/summary
GET /accounting/liabilities/suppliers
GET /accounting/liabilities/expenses
GET /accounting/liabilities/commissions
POST /accounting/liabilities/expenses/:id/pay
GET /accounting/accounts
GET /accounting/accounts/tree
GET /accounting/accounts/shared/core/types
POST /accounting/accounts
POST /accounting/accounts
PATCH /accounting/accounts/:id
DELETE /accounting/accounts/:id
GET /accounting/journals
GET /accounting/journals/:id
GET /accounting/register/current
GET /accounting/register/status
POST /accounting/register/open
POST /accounting/register/close
POST /accounting/register/expense
GET /accounting/assets
POST /accounting/assets
GET /accounting/payables
GET /accounting/payables/summary
GET /accounting/payables/:id
POST /accounting/payables/:id/payments
GET /accounting/targets/today
GET /accounting/targets/:month
POST /accounting/targets/:month
GET /accounting/reports/gl
GET /accounting/reports/pl
GET /accounting/reports/balance-sheet
GET /accounting/audit-logs
POST /store-devices/register
POST /store-devices/register
GET /store-devices/:deviceId/status
GET /store-devices/:deviceId/status
POST /store-devices/:deviceId/ping
POST /store-devices/:deviceId/ping
GET /whatsapp/notifications
GET /whatsapp/notifications
POST /whatsapp/notifications/:id/read
POST /whatsapp/notifications/:id/read
POST /whatsapp/whatsapp/send
POST /whatsapp/whatsapp/send
POST /whatsapp/notifications/send
POST /whatsapp/notifications/send
-------------------------

--- REGISTERED ROUTES ---
GET /api-docs/spec
ALL /*
ALL /*
ALL /*
ALL /*
ALL /uploads/*
GET /api-docs/docs
POST /auth/login
POST /auth/logout
POST /auth/switch-role
POST /auth/switch-role
GET /auth/me
GET /auth/me
GET /auth/roles
GET /auth/roles
ALL /products/*
GET /products/stats
GET /products/searchproduct
GET /products/searchproduct
GET /products/categories/:id/product-count
GET /products/categories/:id/product-count
GET /products
GET /products/suppliers/:id/variants
GET /products/suppliers/:id/variants
GET /products/batches
GET /products/batches
GET /products/:id/variants
GET /products/:id/variants
GET /products/:id/variants
GET /products/:id
GET /products/:id
ALL /products
ALL /products/:id
ALL /products/variants
ALL /products/variants/:id
ALL /products/bulk-min-stock
ALL /products/print-label
POST /products
POST /products
PUT /products/:id
PUT /products/:id
PUT /products/:id
DELETE /products/:id
DELETE /products/:id
POST /products/variants
POST /products/variants
PUT /products/variants/:id
PUT /products/variants/:id
PUT /products/variants/:id
DELETE /products/variants/:id
DELETE /products/variants/:id
PATCH /products/bulk-min-stock
PATCH /products/bulk-min-stock
POST /products/print-label
POST /products/print-label
ALL /inventory/*
GET /inventory/stats
GET /inventory/searchproduct
GET /inventory/searchproduct
GET /inventory/categories/:id/product-count
GET /inventory/categories/:id/product-count
GET /inventory
GET /inventory/suppliers/:id/variants
GET /inventory/suppliers/:id/variants
GET /inventory/batches
GET /inventory/batches
GET /inventory/:id/variants
GET /inventory/:id/variants
GET /inventory/:id/variants
GET /inventory/:id
GET /inventory/:id
ALL /inventory
ALL /inventory/:id
ALL /inventory/variants
ALL /inventory/variants/:id
ALL /inventory/bulk-min-stock
ALL /inventory/print-label
POST /inventory
POST /inventory
PUT /inventory/:id
PUT /inventory/:id
PUT /inventory/:id
DELETE /inventory/:id
DELETE /inventory/:id
POST /inventory/variants
POST /inventory/variants
PUT /inventory/variants/:id
PUT /inventory/variants/:id
PUT /inventory/variants/:id
DELETE /inventory/variants/:id
DELETE /inventory/variants/:id
PATCH /inventory/bulk-min-stock
PATCH /inventory/bulk-min-stock
POST /inventory/print-label
POST /inventory/print-label
ALL /inventory/*
ALL /inventory/opname/*
GET /inventory/opname/sessions
GET /inventory/opname/adjustment-history
POST /inventory/opname/sessions
POST /inventory/opname/sessions
GET /inventory/opname/sessions/:id
GET /inventory/opname/sessions/:id
PUT /inventory/opname/items/:itemId
PUT /inventory/opname/items/:itemId
PUT /inventory/opname/items/:itemId
POST /inventory/opname/sessions/:id/finalize
POST /inventory/opname/sessions/:id/finalize
POST /inventory/opname/sessions/:id/cancel
POST /inventory/opname/sessions/:id/cancel
GET /inventory/gambling/dead-phones
POST /inventory/gambling/dead-phones
POST /inventory/gambling/test-logs
GET /inventory/kanibal/forfeited-devices
POST /inventory/kanibal/forfeit
POST /inventory/kanibal/harvest
ALL /categories/*
GET /categories
POST /categories
POST /categories
POST /categories
PUT /categories/:id
PUT /categories/:id
PUT /categories/:id
DELETE /categories/:id
DELETE /categories/:id
POST /categories/:id/variants
POST /categories/:id/variants
POST /categories/:id/variants
DELETE /categories/variants/:variantId
DELETE /categories/variants/:variantId
ALL /service/*
GET /service
GET /service
GET /service/counts
GET /service/counts
GET /service/dashboard/stats
GET /service/dashboard/stats
GET /service/:id
GET /service/:id
GET /service/:id/print
GET /service/:id/print
POST /service
POST /service
POST /service
POST /service/:id/assign
POST /service/:id/assign
PUT /service/:id/status
PUT /service/:id/status
PUT /service/:id/details
PUT /service/:id/details
PATCH /service/:id
PATCH /service/:id
DELETE /service/:id
DELETE /service/:id
ALL /service-categories/*
GET /service-categories
POST /service-categories
GET /service-categories/:id
PUT /service-categories/:id
DELETE /service-categories/:id
ALL /service-types/*
GET /service-types
POST /service-types
GET /service-types/:id
PUT /service-types/:id
DELETE /service-types/:id
ALL /service-items/*
POST /service-items
POST /service-items/:id/parts
PUT /service-items/:id/complete
ALL /commissions/*
GET /commissions/settings/:technicianId
PUT /commissions/settings/:technicianId
GET /commissions/summary/:technicianId
POST /commissions/mark-paid
ALL /suppliers/*
GET /suppliers
GET /suppliers/:id/categories
POST /suppliers
POST /suppliers
POST /suppliers
PUT /suppliers/:id
PUT /suppliers/:id
PUT /suppliers/:id
DELETE /suppliers/:id
DELETE /suppliers/:id
POST /suppliers/:id/categories
POST /suppliers/:id/categories
POST /suppliers/:id/categories
DELETE /suppliers/:id/categories/:categoryId
DELETE /suppliers/:id/categories/:categoryId
GET /suppliers/:id/product-variants
GET /suppliers/:id/product-variants
POST /suppliers/:id/product-variants
POST /suppliers/:id/product-variants
POST /suppliers/:id/product-variants
DELETE /suppliers/:id/product-variants/:productId
DELETE /suppliers/:id/product-variants/:productId
ALL /purchases/*
GET /purchases
GET /purchases
POST /purchases
POST /purchases
POST /purchases
GET /purchases/recommendations/low-stock
GET /purchases/recommendations/low-stock
GET /purchases/:id
GET /purchases/:id
POST /purchases/:id/cancel
POST /purchases/:id/cancel
POST /purchases/:id/receive
POST /purchases/:id/receive
POST /purchases/:id/receive
POST /purchases/:id/verify
POST /purchases/:id/verify
POST /purchases/:id/verify
DELETE /purchases/:id
DELETE /purchases/:id
GET /purchase-returns
GET /purchase-returns
GET /purchase-returns
GET /purchase-returns/:id
GET /purchase-returns/:id
GET /purchase-returns/:id
POST /purchase-returns
POST /purchase-returns
POST /purchase-returns
ALL /sales/*
GET /sales
GET /sales
GET /sales/:id
GET /sales/:id
POST /sales
POST /sales
POST /sales
GET /notifications/notifications
GET /notifications/notifications
POST /notifications/notifications/:id/read
POST /notifications/notifications/:id/read
POST /notifications/whatsapp/send
POST /notifications/whatsapp/send
POST /notifications/notifications/send
POST /notifications/notifications/send
POST /uploads
POST /uploads
ALL /users/*
GET /users
GET /users
GET /users/:id
GET /users/:id
POST /users
POST /users
PUT /users/:id
PUT /users/:id
DELETE /users/:id
DELETE /users/:id
GET /customers
GET /customers
GET /customers
GET /customers/:id
GET /customers/:id
GET /customers/:id
POST /customers
POST /customers
POST /customers
POST /customers
PATCH /customers/:id
PATCH /customers/:id
PATCH /customers/:id
PATCH /customers/:id
DELETE /customers/:id
DELETE /customers/:id
DELETE /customers/:id
GET /customers/:id/sales
GET /customers/:id/sales
GET /customers/:id/sales
GET /customers/:id/unpaid-sales
GET /customers/:id/unpaid-sales
GET /customers/:id/unpaid-sales
POST /customers/:id/payments
POST /customers/:id/payments
POST /customers/:id/payments
POST /customers/:id/payments
ALL /defective-items/*
GET /defective-items
GET /defective-items
GET /defective-items/pending
GET /defective-items/pending
GET /defective-items/processed
GET /defective-items/processed
POST /defective-items
POST /defective-items
POST /defective-items/process-return
POST /defective-items/process-return
POST /defective-items/create-return
POST /defective-items/create-return
ALL /reports/*
ALL /reports/*
GET /reports/summary
GET /reports/transactions
GET /reports/sales/summary
GET /reports/sales/transactions
GET /reports/services
GET /reports/services/stats
GET /reports/services/transactions
GET /reports/services/technicians
GET /reports/services/parts-usage
GET /reports/technicians
GET /reports/parts
GET /reports/purchases/summary
GET /reports/purchases/transactions
GET /reports/inventory/adjustments
GET /reports/logs
GET /reports/profit-loss
GET /reports/stock-value
GET /reports/kasir/daily
GET /reports/warehouse/low-stock
ALL /approvals/*
GET /approvals/pending
GET /approvals/history
GET /approvals/stats
GET /approvals/:id
POST /approvals/request
POST /approvals/:id/approve
POST /approvals/:id/reject
POST /approvals/:id/action
ALL /settings/*
GET /settings/*
PUT /settings/*
POST /settings/*
GET /settings
GET /settings/payment-methods
PUT /settings/payment-methods
GET /settings/store-info
PUT /settings/store-info
GET /settings/receipt
PUT /settings/receipt
GET /settings/service
PUT /settings/service
GET /settings/whatsapp
PUT /settings/whatsapp
GET /settings/commission
PUT /settings/commission
GET /settings/account-mappings
PUT /settings/account-mappings
GET /settings/general
PUT /settings/general
GET /settings/tax
PUT /settings/tax
GET /settings/system
PUT /settings/system
POST /settings/reset
GET /settings/role-behavior
PUT /settings/role-behavior
GET /settings/:key
PUT /settings/:key
ALL /payment-methods/*
GET /payment-methods
GET /payment-methods
GET /payment-methods/enabled
GET /payment-methods/:id
GET /payment-methods/:id
POST /payment-methods
POST /payment-methods
PATCH /payment-methods/:id
PATCH /payment-methods/:id
DELETE /payment-methods/:id
DELETE /payment-methods/:id
POST /payment-methods/:id/variants
POST /payment-methods/:id/variants
PATCH /payment-methods/variants/:id
PATCH /payment-methods/variants/:id
DELETE /payment-methods/variants/:id
DELETE /payment-methods/variants/:id
ALL /payments/methods/*
GET /payments/methods
GET /payments/methods
GET /payments/methods/enabled
GET /payments/methods/:id
GET /payments/methods/:id
POST /payments/methods
POST /payments/methods
PATCH /payments/methods/:id
PATCH /payments/methods/:id
DELETE /payments/methods/:id
DELETE /payments/methods/:id
POST /payments/methods/:id/variants
POST /payments/methods/:id/variants
PATCH /payments/methods/variants/:id
PATCH /payments/methods/variants/:id
DELETE /payments/methods/variants/:id
DELETE /payments/methods/variants/:id
ALL /dashboard/*
GET /dashboard
GET /dashboard
GET /dashboard/activities
GET /dashboard/activities
GET /dashboard/recent-services
GET /dashboard/recent-services
GET /dashboard/urgent-services
GET /dashboard/urgent-services
GET /dashboard/technician
GET /dashboard/technician
GET /dashboard/cashier
GET /dashboard/cashier
GET /dashboard/warehouse
GET /dashboard/warehouse
GET /dashboard/profit-loss
GET /dashboard/profit-loss
GET /dashboard/stats
GET /dashboard/charts/sales
GET /dashboard/alerts/inventory
ALL /devices/*
POST /devices/scrape
POST /devices/scrape
POST /devices/scrape-list
POST /devices/scrape-list
POST /devices/import
POST /devices/import
GET /devices
GET /devices/unlinked
GET /devices/unlinked
GET /devices/:id
POST /devices
POST /devices
PUT /devices/:id
PUT /devices/:id
DELETE /devices/bulk
DELETE /devices/bulk
DELETE /devices/:id
DELETE /devices/:id
POST /devices/:id/sync
POST /devices/:id/sync
GET /brands
POST /brands
POST /brands
POST /brands
POST /brands
PATCH /brands/:id
PATCH /brands/:id
PATCH /brands/:id
PATCH /brands/:id
DELETE /brands/:id
DELETE /brands/:id
DELETE /brands/:id
ALL /service-tools/*
GET /service-tools
GET /service-tools/my
GET /service-tools/requests/my
GET /service-tools/requests/my
GET /service-tools/requests/all
GET /service-tools/requests
POST /service-tools
POST /service-tools
POST /service-tools/requests
POST /service-tools/requests
PUT /service-tools/:id
PUT /service-tools/:id
PATCH /service-tools/:id/condition
PATCH /service-tools/requests/:id/status
DELETE /service-tools/:id
DELETE /service-tools/:id
ALL /operational-costs/*
ALL /operational-costs/*
GET /operational-costs
POST /operational-costs
POST /operational-costs
DELETE /operational-costs/:id
ALL /accounting/*
ALL /accounting/*
GET /accounting/dashboard
GET /accounting/liabilities/summary
GET /accounting/liabilities/suppliers
GET /accounting/liabilities/expenses
GET /accounting/liabilities/commissions
POST /accounting/liabilities/expenses/:id/pay
GET /accounting/accounts
GET /accounting/accounts/tree
GET /accounting/accounts/shared/core/types
POST /accounting/accounts
POST /accounting/accounts
PATCH /accounting/accounts/:id
DELETE /accounting/accounts/:id
GET /accounting/journals
GET /accounting/journals/:id
GET /accounting/register/current
GET /accounting/register/status
POST /accounting/register/open
POST /accounting/register/close
POST /accounting/register/expense
GET /accounting/assets
POST /accounting/assets
GET /accounting/payables
GET /accounting/payables/summary
GET /accounting/payables/:id
POST /accounting/payables/:id/payments
GET /accounting/targets/today
GET /accounting/targets/:month
POST /accounting/targets/:month
GET /accounting/reports/gl
GET /accounting/reports/pl
GET /accounting/reports/balance-sheet
GET /accounting/audit-logs
POST /store-devices/register
POST /store-devices/register
GET /store-devices/:deviceId/status
GET /store-devices/:deviceId/status
POST /store-devices/:deviceId/ping
POST /store-devices/:deviceId/ping
GET /whatsapp/notifications
GET /whatsapp/notifications
POST /whatsapp/notifications/:id/read
POST /whatsapp/notifications/:id/read
POST /whatsapp/whatsapp/send
POST /whatsapp/whatsapp/send
POST /whatsapp/notifications/send
POST /whatsapp/notifications/send
-------------------------

--- REGISTERED ROUTES ---
GET /api-docs/spec
ALL /*
ALL /*
ALL /*
ALL /*
ALL /uploads/*
GET /api-docs/docs
POST /auth/login
POST /auth/logout
POST /auth/switch-role
POST /auth/switch-role
GET /auth/me
GET /auth/me
GET /auth/roles
GET /auth/roles
ALL /products/*
GET /products/stats
GET /products/searchproduct
GET /products/searchproduct
GET /products/categories/:id/product-count
GET /products/categories/:id/product-count
GET /products
GET /products/suppliers/:id/variants
GET /products/suppliers/:id/variants
GET /products/batches
GET /products/batches
GET /products/:id/variants
GET /products/:id/variants
GET /products/:id/variants
GET /products/:id
GET /products/:id
ALL /products
ALL /products/:id
ALL /products/variants
ALL /products/variants/:id
ALL /products/bulk-min-stock
ALL /products/print-label
POST /products
POST /products
PUT /products/:id
PUT /products/:id
PUT /products/:id
DELETE /products/:id
DELETE /products/:id
POST /products/variants
POST /products/variants
PUT /products/variants/:id
PUT /products/variants/:id
PUT /products/variants/:id
DELETE /products/variants/:id
DELETE /products/variants/:id
PATCH /products/bulk-min-stock
PATCH /products/bulk-min-stock
POST /products/print-label
POST /products/print-label
ALL /inventory/*
GET /inventory/stats
GET /inventory/searchproduct
GET /inventory/searchproduct
GET /inventory/categories/:id/product-count
GET /inventory/categories/:id/product-count
GET /inventory
GET /inventory/suppliers/:id/variants
GET /inventory/suppliers/:id/variants
GET /inventory/batches
GET /inventory/batches
GET /inventory/:id/variants
GET /inventory/:id/variants
GET /inventory/:id/variants
GET /inventory/:id
GET /inventory/:id
ALL /inventory
ALL /inventory/:id
ALL /inventory/variants
ALL /inventory/variants/:id
ALL /inventory/bulk-min-stock
ALL /inventory/print-label
POST /inventory
POST /inventory
PUT /inventory/:id
PUT /inventory/:id
PUT /inventory/:id
DELETE /inventory/:id
DELETE /inventory/:id
POST /inventory/variants
POST /inventory/variants
PUT /inventory/variants/:id
PUT /inventory/variants/:id
PUT /inventory/variants/:id
DELETE /inventory/variants/:id
DELETE /inventory/variants/:id
PATCH /inventory/bulk-min-stock
PATCH /inventory/bulk-min-stock
POST /inventory/print-label
POST /inventory/print-label
ALL /inventory/*
ALL /inventory/opname/*
GET /inventory/opname/sessions
GET /inventory/opname/adjustment-history
POST /inventory/opname/sessions
POST /inventory/opname/sessions
GET /inventory/opname/sessions/:id
GET /inventory/opname/sessions/:id
PUT /inventory/opname/items/:itemId
PUT /inventory/opname/items/:itemId
PUT /inventory/opname/items/:itemId
POST /inventory/opname/sessions/:id/finalize
POST /inventory/opname/sessions/:id/finalize
POST /inventory/opname/sessions/:id/cancel
POST /inventory/opname/sessions/:id/cancel
GET /inventory/gambling/dead-phones
POST /inventory/gambling/dead-phones
POST /inventory/gambling/test-logs
GET /inventory/kanibal/forfeited-devices
POST /inventory/kanibal/forfeit
POST /inventory/kanibal/harvest
ALL /categories/*
GET /categories
POST /categories
POST /categories
POST /categories
PUT /categories/:id
PUT /categories/:id
PUT /categories/:id
DELETE /categories/:id
DELETE /categories/:id
POST /categories/:id/variants
POST /categories/:id/variants
POST /categories/:id/variants
DELETE /categories/variants/:variantId
DELETE /categories/variants/:variantId
ALL /service/*
GET /service
GET /service
GET /service/counts
GET /service/counts
GET /service/dashboard/stats
GET /service/dashboard/stats
GET /service/:id
GET /service/:id
GET /service/:id/print
GET /service/:id/print
POST /service
POST /service
POST /service
POST /service/:id/assign
POST /service/:id/assign
PUT /service/:id/status
PUT /service/:id/status
PUT /service/:id/details
PUT /service/:id/details
PATCH /service/:id
PATCH /service/:id
DELETE /service/:id
DELETE /service/:id
ALL /service-categories/*
GET /service-categories
POST /service-categories
GET /service-categories/:id
PUT /service-categories/:id
DELETE /service-categories/:id
ALL /service-types/*
GET /service-types
POST /service-types
GET /service-types/:id
PUT /service-types/:id
DELETE /service-types/:id
ALL /service-items/*
POST /service-items
POST /service-items/:id/parts
PUT /service-items/:id/complete
ALL /commissions/*
GET /commissions/settings/:technicianId
PUT /commissions/settings/:technicianId
GET /commissions/summary/:technicianId
POST /commissions/mark-paid
ALL /suppliers/*
GET /suppliers
GET /suppliers/:id/categories
POST /suppliers
POST /suppliers
POST /suppliers
PUT /suppliers/:id
PUT /suppliers/:id
PUT /suppliers/:id
DELETE /suppliers/:id
DELETE /suppliers/:id
POST /suppliers/:id/categories
POST /suppliers/:id/categories
POST /suppliers/:id/categories
DELETE /suppliers/:id/categories/:categoryId
DELETE /suppliers/:id/categories/:categoryId
GET /suppliers/:id/product-variants
GET /suppliers/:id/product-variants
POST /suppliers/:id/product-variants
POST /suppliers/:id/product-variants
POST /suppliers/:id/product-variants
DELETE /suppliers/:id/product-variants/:productId
DELETE /suppliers/:id/product-variants/:productId
ALL /purchases/*
GET /purchases
GET /purchases
POST /purchases
POST /purchases
POST /purchases
GET /purchases/recommendations/low-stock
GET /purchases/recommendations/low-stock
GET /purchases/:id
GET /purchases/:id
POST /purchases/:id/cancel
POST /purchases/:id/cancel
POST /purchases/:id/receive
POST /purchases/:id/receive
POST /purchases/:id/receive
POST /purchases/:id/verify
POST /purchases/:id/verify
POST /purchases/:id/verify
DELETE /purchases/:id
DELETE /purchases/:id
GET /purchase-returns
GET /purchase-returns
GET /purchase-returns
GET /purchase-returns/:id
GET /purchase-returns/:id
GET /purchase-returns/:id
POST /purchase-returns
POST /purchase-returns
POST /purchase-returns
ALL /sales/*
GET /sales
GET /sales
GET /sales/:id
GET /sales/:id
POST /sales
POST /sales
POST /sales
GET /notifications/notifications
GET /notifications/notifications
POST /notifications/notifications/:id/read
POST /notifications/notifications/:id/read
POST /notifications/whatsapp/send
POST /notifications/whatsapp/send
POST /notifications/notifications/send
POST /notifications/notifications/send
POST /uploads
POST /uploads
ALL /users/*
GET /users
GET /users
GET /users/:id
GET /users/:id
POST /users
POST /users
PUT /users/:id
PUT /users/:id
DELETE /users/:id
DELETE /users/:id
GET /customers
GET /customers
GET /customers
GET /customers/:id
GET /customers/:id
GET /customers/:id
POST /customers
POST /customers
POST /customers
POST /customers
PATCH /customers/:id
PATCH /customers/:id
PATCH /customers/:id
PATCH /customers/:id
DELETE /customers/:id
DELETE /customers/:id
DELETE /customers/:id
GET /customers/:id/sales
GET /customers/:id/sales
GET /customers/:id/sales
GET /customers/:id/unpaid-sales
GET /customers/:id/unpaid-sales
GET /customers/:id/unpaid-sales
POST /customers/:id/payments
POST /customers/:id/payments
POST /customers/:id/payments
POST /customers/:id/payments
ALL /defective-items/*
GET /defective-items
GET /defective-items
GET /defective-items/pending
GET /defective-items/pending
GET /defective-items/processed
GET /defective-items/processed
POST /defective-items
POST /defective-items
POST /defective-items/process-return
POST /defective-items/process-return
POST /defective-items/create-return
POST /defective-items/create-return
ALL /reports/*
ALL /reports/*
GET /reports/summary
GET /reports/transactions
GET /reports/sales/summary
GET /reports/sales/transactions
GET /reports/services
GET /reports/services/stats
GET /reports/services/transactions
GET /reports/services/technicians
GET /reports/services/parts-usage
GET /reports/technicians
GET /reports/parts
GET /reports/purchases/summary
GET /reports/purchases/transactions
GET /reports/inventory/adjustments
GET /reports/logs
GET /reports/profit-loss
GET /reports/stock-value
GET /reports/kasir/daily
GET /reports/warehouse/low-stock
ALL /approvals/*
GET /approvals/pending
GET /approvals/history
GET /approvals/stats
GET /approvals/:id
POST /approvals/request
POST /approvals/:id/approve
POST /approvals/:id/reject
POST /approvals/:id/action
ALL /settings/*
GET /settings/*
PUT /settings/*
POST /settings/*
GET /settings
GET /settings/payment-methods
PUT /settings/payment-methods
GET /settings/store-info
PUT /settings/store-info
GET /settings/receipt
PUT /settings/receipt
GET /settings/service
PUT /settings/service
GET /settings/whatsapp
PUT /settings/whatsapp
GET /settings/commission
PUT /settings/commission
GET /settings/account-mappings
PUT /settings/account-mappings
GET /settings/general
PUT /settings/general
GET /settings/tax
PUT /settings/tax
GET /settings/system
PUT /settings/system
POST /settings/reset
GET /settings/role-behavior
PUT /settings/role-behavior
GET /settings/:key
PUT /settings/:key
ALL /payment-methods/*
GET /payment-methods
GET /payment-methods
GET /payment-methods/enabled
GET /payment-methods/:id
GET /payment-methods/:id
POST /payment-methods
POST /payment-methods
PATCH /payment-methods/:id
PATCH /payment-methods/:id
DELETE /payment-methods/:id
DELETE /payment-methods/:id
POST /payment-methods/:id/variants
POST /payment-methods/:id/variants
PATCH /payment-methods/variants/:id
PATCH /payment-methods/variants/:id
DELETE /payment-methods/variants/:id
DELETE /payment-methods/variants/:id
ALL /payments/methods/*
GET /payments/methods
GET /payments/methods
GET /payments/methods/enabled
GET /payments/methods/:id
GET /payments/methods/:id
POST /payments/methods
POST /payments/methods
PATCH /payments/methods/:id
PATCH /payments/methods/:id
DELETE /payments/methods/:id
DELETE /payments/methods/:id
POST /payments/methods/:id/variants
POST /payments/methods/:id/variants
PATCH /payments/methods/variants/:id
PATCH /payments/methods/variants/:id
DELETE /payments/methods/variants/:id
DELETE /payments/methods/variants/:id
ALL /dashboard/*
GET /dashboard
GET /dashboard
GET /dashboard/activities
GET /dashboard/activities
GET /dashboard/recent-services
GET /dashboard/recent-services
GET /dashboard/urgent-services
GET /dashboard/urgent-services
GET /dashboard/technician
GET /dashboard/technician
GET /dashboard/cashier
GET /dashboard/cashier
GET /dashboard/warehouse
GET /dashboard/warehouse
GET /dashboard/profit-loss
GET /dashboard/profit-loss
GET /dashboard/stats
GET /dashboard/charts/sales
GET /dashboard/alerts/inventory
ALL /devices/*
POST /devices/scrape
POST /devices/scrape
POST /devices/scrape-list
POST /devices/scrape-list
POST /devices/import
POST /devices/import
GET /devices
GET /devices/unlinked
GET /devices/unlinked
GET /devices/:id
POST /devices
POST /devices
PUT /devices/:id
PUT /devices/:id
DELETE /devices/bulk
DELETE /devices/bulk
DELETE /devices/:id
DELETE /devices/:id
POST /devices/:id/sync
POST /devices/:id/sync
GET /brands
POST /brands
POST /brands
POST /brands
POST /brands
PATCH /brands/:id
PATCH /brands/:id
PATCH /brands/:id
PATCH /brands/:id
DELETE /brands/:id
DELETE /brands/:id
DELETE /brands/:id
ALL /service-tools/*
GET /service-tools
GET /service-tools/my
GET /service-tools/requests/my
GET /service-tools/requests/my
GET /service-tools/requests/all
GET /service-tools/requests
POST /service-tools
POST /service-tools
POST /service-tools/requests
POST /service-tools/requests
PUT /service-tools/:id
PUT /service-tools/:id
PATCH /service-tools/:id/condition
PATCH /service-tools/requests/:id/status
DELETE /service-tools/:id
DELETE /service-tools/:id
ALL /operational-costs/*
ALL /operational-costs/*
GET /operational-costs
POST /operational-costs
POST /operational-costs
DELETE /operational-costs/:id
ALL /accounting/*
ALL /accounting/*
GET /accounting/dashboard
GET /accounting/liabilities/summary
GET /accounting/liabilities/suppliers
GET /accounting/liabilities/expenses
GET /accounting/liabilities/commissions
POST /accounting/liabilities/expenses/:id/pay
GET /accounting/accounts
GET /accounting/accounts/tree
GET /accounting/accounts/shared/core/types
POST /accounting/accounts
POST /accounting/accounts
PATCH /accounting/accounts/:id
DELETE /accounting/accounts/:id
GET /accounting/journals
GET /accounting/journals/:id
GET /accounting/register/current
GET /accounting/register/status
POST /accounting/register/open
POST /accounting/register/close
POST /accounting/register/expense
GET /accounting/assets
POST /accounting/assets
GET /accounting/payables
GET /accounting/payables/summary
GET /accounting/payables/:id
POST /accounting/payables/:id/payments
GET /accounting/targets/today
GET /accounting/targets/:month
POST /accounting/targets/:month
GET /accounting/reports/gl
GET /accounting/reports/pl
GET /accounting/reports/balance-sheet
GET /accounting/audit-logs
POST /store-devices/register
POST /store-devices/register
GET /store-devices/:deviceId/status
GET /store-devices/:deviceId/status
POST /store-devices/:deviceId/ping
POST /store-devices/:deviceId/ping
GET /whatsapp/notifications
GET /whatsapp/notifications
POST /whatsapp/notifications/:id/read
POST /whatsapp/notifications/:id/read
POST /whatsapp/whatsapp/send
POST /whatsapp/whatsapp/send
POST /whatsapp/notifications/send
POST /whatsapp/notifications/send
-------------------------
